[
    {
        "model": "base.tutor",
        "pk": 1,
        "fields": {
            "external_id": null,
            "person": 3
        }
    },
    {
        "model": "base.tutor",
        "pk": 2,
        "fields": {
            "external_id": null,
            "person": 2
        }
    },
    {
        "model": "base.tutor",
        "pk": 3,
        "fields": {
            "external_id": null,
            "person": 1
        }
    },
    {
        "model": "base.student",
        "pk": 1,
        "fields": {
            "external_id": null,
            "registration_id": "00000001",
            "person": 4
        }
    },
    {
        "model": "base.student",
        "pk": 2,
        "fields": {
            "external_id": null,
            "registration_id": "00000002",
            "person": 5
        }
    },
    {
        "model": "base.structure",
        "pk": 1,
        "fields": {
            "external_id": null,
            "acronym": "DRT",
            "title": "Facult\u00e9 de Droit",
            "organization": null,
            "part_of": null
        }
    },
    {
        "model": "base.academicyear",
        "pk": 1,
        "fields": {
            "external_id": null,
            "year": 2016
        }
    },
    {
        "model": "base.academicyear",
        "pk": 2,
        "fields": {
            "external_id": null,
            "year": 2015
        }
    },
    {
        "model": "base.academiccalendar",
        "pk": 1,
        "fields": {
            "external_id": null,
            "academic_year": 2,
            "title": "Ann\u00e9e acad\u00e9mique",
            "description": "",
            "start_date": "2015-09-01",
            "end_date": "2016-08-31"
        }
    },
    {
        "model": "base.offer",
        "pk": 1,
        "fields": {
            "external_id": null,
            "acronym": "DROI1BA",
            "title": "Bachelier en Droit"
        }
    },
    {
        "model": "base.offeryear",
        "pk": 1,
        "fields": {
            "external_id": null,
            "offer": 1,
            "academic_year": 1,
            "acronym": "DROIT1BA",
            "title": "Bachelier en Droit",
            "structure": 1
        }
    },
    {
        "model": "base.offeryear",
        "pk": 2,
        "fields": {
            "external_id": null,
            "offer": 1,
            "academic_year": 2,
            "acronym": "DROI1BA",
            "title": "Introduction au droit",
            "structure": 1
        }
    },
    {
        "model": "base.programmemanager",
        "pk": 1,
        "fields": {
            "person": 6,
            "offer_year": 1
        }
    },
    {
        "model": "base.offerenrollment",
        "pk": 1,
        "fields": {
            "external_id": null,
            "date_enrollment": "2015-09-01",
            "offer_year": 1,
            "student": 1
        }
    },
    {
        "model": "base.offerenrollment",
        "pk": 2,
        "fields": {
            "external_id": null,
            "date_enrollment": "2015-09-01",
            "offer_year": 1,
            "student": 2
        }
    },
    {
        "model": "base.offerenrollment",
        "pk": 3,
        "fields": {
            "external_id": null,
            "date_enrollment": "2015-09-01",
            "offer_year": 2,
            "student": 1
        }
    },
    {
        "model": "base.offerenrollment",
        "pk": 4,
        "fields": {
            "external_id": null,
            "date_enrollment": "2015-09-01",
            "offer_year": 2,
            "student": 2
        }
    },
    {
        "model": "base.offeryearcalendar",
        "pk": 1,
        "fields": {
            "external_id": null,
            "academic_calendar": 1,
            "offer_year": 1,
            "start_date": null,
            "end_date": null
        }
    },
    {
        "model": "base.offeryearcalendar",
        "pk": 2,
        "fields": {
            "external_id": null,
            "academic_calendar": 1,
            "offer_year": 2,
            "start_date": "2015-08-31",
            "end_date": "2016-08-31"
        }
    },
    {
        "model": "base.learningunit",
        "pk": 1,
        "fields": {
            "external_id": null,
            "acronym": "DROI1000",
            "title": "Introduction au Droit",
            "description": "",
            "start_year": 2015,
            "end_year": null
        }
    },
    {
        "model": "base.learningunit",
        "pk": 2,
        "fields": {
            "external_id": null,
            "acronym": "PHYS1000",
            "title": "Introduction \u00e0 la physique",
            "description": "",
            "start_year": 2015,
            "end_year": null
        }
    },
    {
        "model": "base.attribution",
        "pk": 1,
        "fields": {
            "external_id": null,
            "start_date": "2015-09-01",
            "end_date": "2016-08-31",
            "function": "PROFESSOR",
            "learning_unit": 1,
            "tutor": 1
        }
    },
    {
        "model": "base.attribution",
        "pk": 2,
        "fields": {
            "external_id": null,
            "start_date": "2015-09-01",
            "end_date": "2016-08-31",
            "function": "COORDINATOR",
            "learning_unit": 1,
            "tutor": 3
        }
    },
    {
        "model": "base.attribution",
        "pk": 3,
        "fields": {
            "external_id": null,
            "start_date": "2015-09-01",
            "end_date": "2016-08-31",
            "function": "PROFESSOR",
            "learning_unit": 2,
            "tutor": 2
        }
    },
    {
        "model": "base.attribution",
        "pk": 4,
        "fields": {
            "external_id": null,
            "start_date": "2015-09-01",
            "end_date": "2016-08-31",
            "function": "PROFESSOR",
            "learning_unit": 2,
            "tutor": 1
        }
    },
    {
        "model": "base.attribution",
        "pk": 5,
        "fields": {
            "external_id": null,
            "start_date": "2015-09-01",
            "end_date": "2016-08-31",
            "function": "COORDINATOR",
            "learning_unit": 2,
            "tutor": 3
        }
    },
    {
        "model": "base.learningunityear",
        "pk": 1,
        "fields": {
            "external_id": null,
            "acronym": "DROI1000",
            "title": "Introduction au droit",
            "credits": "0.10",
            "decimal_scores": false,
            "academic_year": 1,
            "learning_unit": 1
        }
    },
    {
        "model": "base.learningunityear",
        "pk": 2,
        "fields": {
            "external_id": null,
            "acronym": "PHYS1000",
            "title": "Introduction \u00e0 la Physique",
            "credits": "1.00",
            "decimal_scores": false,
            "academic_year": 1,
            "learning_unit": 2
        }
    },
    {
        "model": "base.learningunityear",
        "pk": 3,
        "fields": {
            "external_id": null,
            "acronym": "DROI1000",
            "title": "Introduction au droit",
            "credits": "10.00",
            "decimal_scores": false,
            "academic_year": 2,
            "learning_unit": 1
        }
    },
    {
        "model": "base.learningunityear",
        "pk": 4,
        "fields": {
            "external_id": null,
            "acronym": "PHYS1000",
            "title": "Phys1000",
            "credits": "10.00",
            "decimal_scores": false,
            "academic_year": 2,
            "learning_unit": 2
        }
    },
    {
        "model": "base.learningunitenrollment",
        "pk": 1,
        "fields": {
            "external_id": null,
            "date_enrollment": "2015-09-01",
            "learning_unit_year": 1,
            "offer_enrollment": 1
        }
    },
    {
        "model": "base.learningunitenrollment",
        "pk": 2,
        "fields": {
            "external_id": null,
            "date_enrollment": "2015-09-01",
            "learning_unit_year": 2,
            "offer_enrollment": 2
        }
    },
    {
        "model": "base.learningunitenrollment",
        "pk": 3,
        "fields": {
            "external_id": null,
            "date_enrollment": "2015-09-01",
            "learning_unit_year": 2,
            "offer_enrollment": 1
        }
    },
    {
        "model": "base.learningunitenrollment",
        "pk": 4,
        "fields": {
            "external_id": null,
            "date_enrollment": "2015-09-01",
            "learning_unit_year": 4,
            "offer_enrollment": 3
        }
    },
    {
        "model": "base.learningunitenrollment",
        "pk": 5,
        "fields": {
            "external_id": null,
            "date_enrollment": "2015-09-01",
            "learning_unit_year": 3,
            "offer_enrollment": 4
        }
    },
    {
        "model": "base.learningunitenrollment",
        "pk": 6,
        "fields": {
            "external_id": null,
            "date_enrollment": "2015-09-01",
            "learning_unit_year": 3,
            "offer_enrollment": 3
        }
    },
    {
        "model": "base.sessionexam",
        "pk": 1,
        "fields": {
            "external_id": null,
            "number_session": 1,
            "status": "OPEN",
            "learning_unit_year": 1,
            "offer_year_calendar": 1
        }
    },
    {
        "model": "base.sessionexam",
        "pk": 2,
        "fields": {
            "external_id": null,
            "number_session": 1,
            "status": "OPEN",
            "learning_unit_year": 3,
            "offer_year_calendar": 2
        }
    },
    {
        "model": "base.examenrollment",
        "pk": 1,
        "fields": {
            "external_id": null,
            "score_draft": null,
            "score_reencoded": null,
            "score_final": null,
            "justification_draft": null,
            "justification_reencoded": null,
            "justification_final": null,
            "encoding_status": null,
            "session_exam": 1,
            "learning_unit_enrollment": 1
        }
    },
    {
        "model": "base.examenrollment",
        "pk": 2,
        "fields": {
            "external_id": null,
            "score_draft": null,
            "score_reencoded": null,
            "score_final": null,
            "justification_draft": null,
            "justification_reencoded": null,
            "justification_final": null,
            "encoding_status": null,
            "session_exam": 1,
            "learning_unit_enrollment": 2
        }
    },
    {
        "model": "base.examenrollment",
        "pk": 3,
        "fields": {
            "external_id": null,
            "score_draft": null,
            "score_reencoded": null,
            "score_final": null,
            "justification_draft": null,
            "justification_reencoded": null,
            "justification_final": null,
            "encoding_status": null,
            "session_exam": 2,
            "learning_unit_enrollment": 4
        }
    },
    {
        "model": "base.examenrollment",
        "pk": 4,
        "fields": {
            "external_id": null,
            "score_draft": null,
            "score_reencoded": null,
            "score_final": null,
            "justification_draft": null,
            "justification_reencoded": null,
            "justification_final": null,
            "encoding_status": null,
            "session_exam": 2,
            "learning_unit_enrollment": 5
        }
    },
    {
        "model": "base.examenrollment",
        "pk": 5,
        "fields": {
            "external_id": null,
            "score_draft": null,
            "score_reencoded": null,
            "score_final": null,
            "justification_draft": null,
            "justification_reencoded": null,
            "justification_final": null,
            "encoding_status": null,
            "session_exam": 2,
            "learning_unit_enrollment": 6
        }
    },
    {
        "model": "auth.user",
        "pk": 1,
        "fields": {
            "password": "pbkdf2_sha256$24000$77SWySS12ruQ$UsUBakPSpBMYF1zao1QZAwFiNCSkAo15E+xtq/waCrY=",
            "last_login": "2016-02-09T16:52:17.376Z",
            "is_superuser": true,
            "username": "osis",
            "first_name": "",
            "last_name": "",
            "email": "osi@uclouvain.be",
            "is_staff": true,
            "is_active": true,
            "date_joined": "2016-02-09T13:52:02.286Z",
            "groups": [],
            "user_permissions": []
        }
    },
    {
        "model": "base.person",
        "pk": 1,
        "fields": {
            "external_id": null,
            "user": null,
            "global_id": "",
            "gender": "F",
            "national_id": "",
            "first_name": "Osis",
            "middle_name": "",
            "last_name": "Osis-Dev",
            "email": null
        }
    },
    {
        "model": "base.person",
        "pk": 2,
        "fields": {
            "external_id": null,
            "user": null,
            "global_id": "",
            "gender": "M",
            "national_id": "",
            "first_name": "Prof1",
            "middle_name": "",
            "last_name": "Prof1",
            "email": null
        }
    },
    {
        "model": "base.person",
        "pk": 3,
        "fields": {
            "external_id": null,
            "user": 1,
            "global_id": "",
            "gender": "U",
            "national_id": "",
            "first_name": "OsisProfUser",
            "middle_name": "",
            "last_name": "OsisProfUser",
            "email": "OsisProfUser@uclouvain.be"
        }
    },
    {
        "model": "base.person",
        "pk": 4,
        "fields": {
            "external_id": null,
            "user": null,
            "global_id": "",
            "gender": "F",
            "national_id": "",
            "first_name": "Osis-Student-1",
            "middle_name": "",
            "last_name": "Osis-Student-1",
            "email": "Osis-Student-1@uclouvain.be"
        }
    },
    {
        "model": "base.person",
        "pk": 5,
        "fields": {
            "external_id": null,
            "user": null,
            "global_id": "",
            "gender": "U",
            "national_id": "",
            "first_name": "Osis-Student-2",
            "middle_name": "",
            "last_name": "Osis-Student-2",
            "email": "Osis-Student-2@uclouvain.be"
        }
    },
    {
        "model": "base.person",
        "pk": 6,
        "fields": {
            "external_id": null,
            "user": null,
            "global_id": "",
            "gender": "U",
            "national_id": "",
            "first_name": "Osis-Prog-Manager",
            "middle_name": "",
            "last_name": "Osis-Prog-Manager",
            "email": "Osis-Prog-Manager@uclouvain.be"
        }
    }
]
