[
{
    "model": "contenttypes.contenttype",
    "pk": 1,
    "fields": {
        "app_label": "admin",
        "model": "logentry"
    }
},
{
    "model": "contenttypes.contenttype",
    "pk": 2,
    "fields": {
        "app_label": "auth",
        "model": "permission"
    }
},
{
    "model": "contenttypes.contenttype",
    "pk": 3,
    "fields": {
        "app_label": "auth",
        "model": "group"
    }
},
{
    "model": "contenttypes.contenttype",
    "pk": 4,
    "fields": {
        "app_label": "auth",
        "model": "user"
    }
},
{
    "model": "contenttypes.contenttype",
    "pk": 5,
    "fields": {
        "app_label": "contenttypes",
        "model": "contenttype"
    }
},
{
    "model": "contenttypes.contenttype",
    "pk": 6,
    "fields": {
        "app_label": "sessions",
        "model": "session"
    }
},
{
    "model": "contenttypes.contenttype",
    "pk": 7,
    "fields": {
        "app_label": "reference",
        "model": "continent"
    }
},
{
    "model": "contenttypes.contenttype",
    "pk": 8,
    "fields": {
        "app_label": "reference",
        "model": "country"
    }
},
{
    "model": "contenttypes.contenttype",
    "pk": 9,
    "fields": {
        "app_label": "reference",
        "model": "currency"
    }
},
{
    "model": "contenttypes.contenttype",
    "pk": 10,
    "fields": {
        "app_label": "reference",
        "model": "language"
    }
},
{
    "model": "contenttypes.contenttype",
    "pk": 11,
    "fields": {
        "app_label": "base",
        "model": "academicyear"
    }
},
{
    "model": "contenttypes.contenttype",
    "pk": 12,
    "fields": {
        "app_label": "base",
        "model": "academiccalendar"
    }
},
{
    "model": "contenttypes.contenttype",
    "pk": 13,
    "fields": {
        "app_label": "base",
        "model": "applicationnotice"
    }
},
{
    "model": "contenttypes.contenttype",
    "pk": 14,
    "fields": {
        "app_label": "base",
        "model": "attribution"
    }
},
{
    "model": "contenttypes.contenttype",
    "pk": 15,
    "fields": {
        "app_label": "base",
        "model": "documentfile"
    }
},
{
    "model": "contenttypes.contenttype",
    "pk": 16,
    "fields": {
        "app_label": "base",
        "model": "domain"
    }
},
{
    "model": "contenttypes.contenttype",
    "pk": 17,
    "fields": {
        "app_label": "base",
        "model": "person"
    }
},
{
    "model": "contenttypes.contenttype",
    "pk": 18,
    "fields": {
        "app_label": "base",
        "model": "examenrollment"
    }
},
{
    "model": "contenttypes.contenttype",
    "pk": 19,
    "fields": {
        "app_label": "base",
        "model": "examenrollmenthistory"
    }
},
{
    "model": "contenttypes.contenttype",
    "pk": 20,
    "fields": {
        "app_label": "base",
        "model": "learningunit"
    }
},
{
    "model": "contenttypes.contenttype",
    "pk": 21,
    "fields": {
        "app_label": "base",
        "model": "learningunitenrollment"
    }
},
{
    "model": "contenttypes.contenttype",
    "pk": 22,
    "fields": {
        "app_label": "base",
        "model": "learningunityear"
    }
},
{
    "model": "contenttypes.contenttype",
    "pk": 23,
    "fields": {
        "app_label": "base",
        "model": "messagetemplate"
    }
},
{
    "model": "contenttypes.contenttype",
    "pk": 24,
    "fields": {
        "app_label": "base",
        "model": "offer"
    }
},
{
    "model": "contenttypes.contenttype",
    "pk": 25,
    "fields": {
        "app_label": "base",
        "model": "offerenrollment"
    }
},
{
    "model": "contenttypes.contenttype",
    "pk": 26,
    "fields": {
        "app_label": "base",
        "model": "structure"
    }
},
{
    "model": "contenttypes.contenttype",
    "pk": 27,
    "fields": {
        "app_label": "base",
        "model": "programmanager"
    }
},
{
    "model": "contenttypes.contenttype",
    "pk": 28,
    "fields": {
        "app_label": "base",
        "model": "offeryear"
    }
},
{
    "model": "contenttypes.contenttype",
    "pk": 29,
    "fields": {
        "app_label": "base",
        "model": "offeryearcalendar"
    }
},
{
    "model": "contenttypes.contenttype",
    "pk": 30,
    "fields": {
        "app_label": "base",
        "model": "organization"
    }
},
{
    "model": "contenttypes.contenttype",
    "pk": 31,
    "fields": {
        "app_label": "base",
        "model": "organizationaddress"
    }
},
{
    "model": "contenttypes.contenttype",
    "pk": 32,
    "fields": {
        "app_label": "base",
        "model": "personaddress"
    }
},
{
    "model": "contenttypes.contenttype",
    "pk": 33,
    "fields": {
        "app_label": "base",
        "model": "sessionexam"
    }
},
{
    "model": "contenttypes.contenttype",
    "pk": 34,
    "fields": {
        "app_label": "base",
        "model": "structureaddress"
    }
},
{
    "model": "contenttypes.contenttype",
    "pk": 35,
    "fields": {
        "app_label": "base",
        "model": "student"
    }
},
{
    "model": "contenttypes.contenttype",
    "pk": 36,
    "fields": {
        "app_label": "base",
        "model": "tutor"
    }
},
{
    "model": "contenttypes.contenttype",
    "pk": 37,
    "fields": {
        "app_label": "assistant",
        "model": "academicassistant"
    }
},
{
    "model": "contenttypes.contenttype",
    "pk": 38,
    "fields": {
        "app_label": "assistant",
        "model": "assistantmandate"
    }
},
{
    "model": "contenttypes.contenttype",
    "pk": 39,
    "fields": {
        "app_label": "assistant",
        "model": "assistantdocument"
    }
},
{
    "model": "contenttypes.contenttype",
    "pk": 40,
    "fields": {
        "app_label": "assistant",
        "model": "tutoringlearningunityear"
    }
},
{
    "model": "contenttypes.contenttype",
    "pk": 41,
    "fields": {
        "app_label": "assistant",
        "model": "review"
    }
},
{
    "model": "contenttypes.contenttype",
    "pk": 42,
    "fields": {
        "app_label": "internship",
        "model": "internshipoffer"
    }
},
{
    "model": "contenttypes.contenttype",
    "pk": 43,
    "fields": {
        "app_label": "internship",
        "model": "internshipenrollment"
    }
},
{
    "model": "contenttypes.contenttype",
    "pk": 44,
    "fields": {
        "app_label": "internship",
        "model": "internshipmaster"
    }
},
{
    "model": "contenttypes.contenttype",
    "pk": 45,
    "fields": {
        "app_label": "internship",
        "model": "internshipchoice"
    }
},
{
    "model": "contenttypes.contenttype",
    "pk": 46,
    "fields": {
        "app_label": "admission",
        "model": "form"
    }
},
{
    "model": "contenttypes.contenttype",
    "pk": 47,
    "fields": {
        "app_label": "admission",
        "model": "option"
    }
},
{
    "model": "contenttypes.contenttype",
    "pk": 48,
    "fields": {
        "app_label": "admission",
        "model": "question"
    }
},
{
    "model": "sessions.session",
    "pk": "4exouqefxbubujbwped32evnkuvtq4s8",
    "fields": {
        "session_data": "MDBiMzA2NmZhYTQ1MzYyNGU4OTQxMzQxZWQ5NWNkMWJjZGQ2ZGY4Yzp7Il9hdXRoX3VzZXJfaWQiOiIxIiwiX2F1dGhfdXNlcl9oYXNoIjoiYTlhZDQ5YmEzODEzZGVlMmNkY2I2MWQ3NGU1NTQ0ZGY2N2E4ODc0ZiIsIl9hdXRoX3VzZXJfYmFja2VuZCI6ImRqYW5nby5jb250cmliLmF1dGguYmFja2VuZHMuTW9kZWxCYWNrZW5kIn0=",
        "expire_date": "2016-05-17T09:52:07.782Z"
    }
},
{
    "model": "sessions.session",
    "pk": "5uk9lsnxojn2blfgrgf7418r6ksn494g",
    "fields": {
        "session_data": "ZTJkMzJlMzk1ZGVlYzZkODlkNGVkYmQ1MjZkNTY1YmJiZTdkMWE1ZTp7Il9hdXRoX3VzZXJfaWQiOiIzIiwiX2F1dGhfdXNlcl9oYXNoIjoiODJlMDZlZTRmMjhjYmRmOWM5Zjc2NjA4ZDlhMWNkYTY1ODMxODAyNyIsIl9sYW5ndWFnZSI6ImVuIiwiX2F1dGhfdXNlcl9iYWNrZW5kIjoiZGphbmdvLmNvbnRyaWIuYXV0aC5iYWNrZW5kcy5Nb2RlbEJhY2tlbmQifQ==",
        "expire_date": "2016-05-17T18:33:36.617Z"
    }
},
{
    "model": "sessions.session",
    "pk": "i0q7okpa39r0ss2lig4qnzninw3e2svv",
    "fields": {
        "session_data": "YzVkMDk4ODg2NTc2NWIwMWVjMjM4YTViNjIyMzQ5NzQzMjg3YzVkOTp7Il9hdXRoX3VzZXJfaWQiOiIxIiwiX2F1dGhfdXNlcl9iYWNrZW5kIjoiZGphbmdvLmNvbnRyaWIuYXV0aC5iYWNrZW5kcy5Nb2RlbEJhY2tlbmQiLCJfYXV0aF91c2VyX2hhc2giOiIxNjYxM2I2YTIwZmQ3YmZmYmYyOTE2NGM2ZDdlMGMwZThmZjNiYmRjIn0=",
        "expire_date": "2016-05-17T10:40:11.604Z"
    }
},
{
    "model": "base.academicyear",
    "pk": 1,
    "fields": {
        "external_id": null,
        "changed": "2016-05-03T10:09:19.271Z",
        "year": 2015,
        "start_date": "2015-09-01",
        "end_date": "2016-08-31"
    }
},
{
    "model": "base.academiccalendar",
    "pk": 1,
    "fields": {
        "external_id": "2015_Submission of academic dissertations - exam sess 1",
        "changed": "2016-05-03T09:57:28.828Z",
        "academic_year": 1,
        "title": "Submission of academic dissertations - exam sess 1",
        "description": "",
        "start_date": null,
        "end_date": null,
        "highlight_title": null,
        "highlight_description": null,
        "highlight_shortcut": null
    }
},
{
    "model": "base.academiccalendar",
    "pk": 2,
    "fields": {
        "external_id": "2015_Submission of academic dissertations - exam sess 2",
        "changed": "2016-05-03T09:57:28.828Z",
        "academic_year": 1,
        "title": "Submission of academic dissertations - exam sess 2",
        "description": "",
        "start_date": null,
        "end_date": null,
        "highlight_title": null,
        "highlight_description": null,
        "highlight_shortcut": null
    }
},
{
    "model": "base.academiccalendar",
    "pk": 3,
    "fields": {
        "external_id": "2015_Submission of academic dissertations - exam sess 3",
        "changed": "2016-05-03T09:57:28.828Z",
        "academic_year": 1,
        "title": "Submission of academic dissertations - exam sess 3",
        "description": "",
        "start_date": null,
        "end_date": null,
        "highlight_title": null,
        "highlight_description": null,
        "highlight_shortcut": null
    }
},
{
    "model": "base.academiccalendar",
    "pk": 4,
    "fields": {
        "external_id": "2015_Submission of exam scores - exam session 1",
        "changed": "2016-05-03T09:57:28.828Z",
        "academic_year": 1,
        "title": "Submission of exam scores - exam session 1",
        "description": "",
        "start_date": null,
        "end_date": null,
        "highlight_title": null,
        "highlight_description": null,
        "highlight_shortcut": null
    }
},
{
    "model": "base.academiccalendar",
    "pk": 5,
    "fields": {
        "external_id": "2015_Submission of exam scores - exam session 2",
        "changed": "2016-05-03T09:57:28.828Z",
        "academic_year": 1,
        "title": "Submission of exam scores - exam session 2",
        "description": "",
        "start_date": "2016-04-01",
        "end_date": "2016-05-12",
        "highlight_title": "2\u00e8me session d'examens!",
        "highlight_description": "La deuxi\u00e8me session d'examens est ouverte. Vous pouvez encoder les notes en ligne, par fichier excel et par feuille de notes.",
        "highlight_shortcut": "studies/assessments/scores_encoding"
    }
},
{
    "model": "base.academiccalendar",
    "pk": 6,
    "fields": {
        "external_id": "2015_Submission of exam scores - exam session 3",
        "changed": "2016-05-03T09:57:28.828Z",
        "academic_year": 1,
        "title": "Submission of exam scores - exam session 3",
        "description": "",
        "start_date": null,
        "end_date": null,
        "highlight_title": null,
        "highlight_description": null,
        "highlight_shortcut": null
    }
},
{
    "model": "base.academiccalendar",
    "pk": 7,
    "fields": {
        "external_id": "2015_Deliberations - exam session 1",
        "changed": "2016-05-03T09:57:28.828Z",
        "academic_year": 1,
        "title": "Deliberations - exam session 1",
        "description": "",
        "start_date": null,
        "end_date": null,
        "highlight_title": "sqdf",
        "highlight_description": "qsdf",
        "highlight_shortcut": "/studies/assessments/"
    }
},
{
    "model": "base.academiccalendar",
    "pk": 8,
    "fields": {
        "external_id": "2015_Deliberations - exam session 2",
        "changed": "2016-05-03T09:57:28.828Z",
        "academic_year": 1,
        "title": "Deliberations - exam session 2",
        "description": "",
        "start_date": "2016-04-13",
        "end_date": "2016-04-29",
        "highlight_title": null,
        "highlight_description": null,
        "highlight_shortcut": null
    }
},
{
    "model": "base.academiccalendar",
    "pk": 9,
    "fields": {
        "external_id": "2015_Deliberations - exam session 3",
        "changed": "2016-05-03T09:57:28.828Z",
        "academic_year": 1,
        "title": "Deliberations - exam session 3",
        "description": "",
        "start_date": null,
        "end_date": null,
        "highlight_title": null,
        "highlight_description": null,
        "highlight_shortcut": null
    }
},
{
    "model": "base.academiccalendar",
    "pk": 10,
    "fields": {
        "external_id": "2015_Diffusion of exam scores - exam session 1",
        "changed": "2016-05-03T09:57:28.828Z",
        "academic_year": 1,
        "title": "Diffusion of exam scores - exam session 1",
        "description": "",
        "start_date": null,
        "end_date": null,
        "highlight_title": null,
        "highlight_description": null,
        "highlight_shortcut": null
    }
},
{
    "model": "base.academiccalendar",
    "pk": 11,
    "fields": {
        "external_id": "2015_Diffusion of exam scores - exam session 2",
        "changed": "2016-05-03T09:57:28.828Z",
        "academic_year": 1,
        "title": "Diffusion of exam scores - exam session 2",
        "description": "",
        "start_date": null,
        "end_date": null,
        "highlight_title": null,
        "highlight_description": null,
        "highlight_shortcut": null
    }
},
{
    "model": "base.academiccalendar",
    "pk": 12,
    "fields": {
        "external_id": "2015_Diffusion of exam scores - exam session 3",
        "changed": "2016-05-03T09:57:28.828Z",
        "academic_year": 1,
        "title": "Diffusion of exam scores - exam session 3",
        "description": "",
        "start_date": null,
        "end_date": null,
        "highlight_title": null,
        "highlight_description": null,
        "highlight_shortcut": null
    }
},
{
    "model": "base.academiccalendar",
    "pk": 13,
    "fields": {
        "external_id": "2015_Exam enrollments - exam session 1",
        "changed": "2016-05-03T09:57:28.828Z",
        "academic_year": 1,
        "title": "Exam enrollments - exam session 1",
        "description": "",
        "start_date": null,
        "end_date": null,
        "highlight_title": null,
        "highlight_description": null,
        "highlight_shortcut": null
    }
},
{
    "model": "base.academiccalendar",
    "pk": 14,
    "fields": {
        "external_id": "2015_Exam enrollments - exam session 2",
        "changed": "2016-05-03T09:57:28.828Z",
        "academic_year": 1,
        "title": "Exam enrollments - exam session 2",
        "description": "",
        "start_date": null,
        "end_date": null,
        "highlight_title": null,
        "highlight_description": null,
        "highlight_shortcut": null
    }
},
{
    "model": "base.academiccalendar",
    "pk": 15,
    "fields": {
        "external_id": "2015_Exam enrollments - exam session 3",
        "changed": "2016-05-03T09:57:28.828Z",
        "academic_year": 1,
        "title": "Exam enrollments - exam session 3",
        "description": "",
        "start_date": null,
        "end_date": null,
        "highlight_title": null,
        "highlight_description": null,
        "highlight_shortcut": null
    }
},
{
    "model": "base.attribution",
    "pk": 1,
    "fields": {
        "external_id": null,
        "changed": "2016-05-03T13:16:01.041Z",
        "start_date": "2016-05-03",
        "end_date": "2099-05-03",
        "function": "COORDINATOR",
        "learning_unit": 10,
        "tutor": 10
    }
},
{
    "model": "base.attribution",
    "pk": 2,
    "fields": {
        "external_id": null,
        "changed": "2016-05-03T13:16:29.827Z",
        "start_date": "2016-05-03",
        "end_date": "2017-05-03",
        "function": "COORDINATOR",
        "learning_unit": 9,
        "tutor": 10
    }
},
{
    "model": "base.attribution",
    "pk": 3,
    "fields": {
        "external_id": null,
        "changed": "2016-05-03T13:16:50.897Z",
        "start_date": "2016-05-03",
        "end_date": "2099-05-03",
        "function": "COORDINATOR",
        "learning_unit": 8,
        "tutor": 4
    }
},
{
    "model": "base.attribution",
    "pk": 4,
    "fields": {
        "external_id": null,
        "changed": "2016-05-03T13:17:44.112Z",
        "start_date": "2016-05-03",
        "end_date": "2099-05-03",
        "function": "COORDINATOR",
        "learning_unit": 7,
        "tutor": 4
    }
},
{
    "model": "base.attribution",
    "pk": 5,
    "fields": {
        "external_id": null,
        "changed": "2016-05-03T13:18:12.143Z",
        "start_date": "2016-05-03",
        "end_date": "2099-05-03",
        "function": "COORDINATOR",
        "learning_unit": 6,
        "tutor": 3
    }
},
{
    "model": "base.attribution",
    "pk": 6,
    "fields": {
        "external_id": null,
        "changed": "2016-05-03T13:18:56.509Z",
        "start_date": "2016-05-03",
        "end_date": "2099-05-03",
        "function": "COORDINATOR",
        "learning_unit": 5,
        "tutor": 3
    }
},
{
    "model": "base.attribution",
    "pk": 7,
    "fields": {
        "external_id": null,
        "changed": "2016-05-03T13:19:26.625Z",
        "start_date": "2016-05-03",
        "end_date": "2099-05-03",
        "function": "COORDINATOR",
        "learning_unit": 4,
        "tutor": 2
    }
},
{
    "model": "base.attribution",
    "pk": 8,
    "fields": {
        "external_id": null,
        "changed": "2016-05-03T13:19:48.962Z",
        "start_date": "2016-05-03",
        "end_date": "2099-05-03",
        "function": "COORDINATOR",
        "learning_unit": 3,
        "tutor": 2
    }
},
{
    "model": "base.attribution",
    "pk": 9,
    "fields": {
        "external_id": null,
        "changed": "2016-05-03T13:20:31.120Z",
        "start_date": "2016-05-03",
        "end_date": "2099-05-03",
        "function": "COORDINATOR",
        "learning_unit": 2,
        "tutor": 1
    }
},
{
    "model": "base.attribution",
    "pk": 10,
    "fields": {
        "external_id": null,
        "changed": "2016-05-03T13:20:50.363Z",
        "start_date": "2016-05-03",
        "end_date": "2099-05-03",
        "function": "COORDINATOR",
        "learning_unit": 1,
        "tutor": 1
    }
},
{
    "model": "base.attribution",
    "pk": 11,
    "fields": {
        "external_id": null,
        "changed": "2016-05-03T13:21:17.741Z",
        "start_date": "2016-05-03",
        "end_date": "2099-05-03",
        "function": "PROFESSOR",
        "learning_unit": 10,
        "tutor": 9
    }
},
{
    "model": "base.attribution",
    "pk": 12,
    "fields": {
        "external_id": null,
        "changed": "2016-05-03T13:21:30.296Z",
        "start_date": "2016-05-03",
        "end_date": "2099-05-03",
        "function": "PROFESSOR",
        "learning_unit": 9,
        "tutor": 9
    }
},
{
    "model": "base.attribution",
    "pk": 13,
    "fields": {
        "external_id": null,
        "changed": "2016-05-03T13:21:47.154Z",
        "start_date": "2016-05-03",
        "end_date": "2099-05-03",
        "function": "PROFESSOR",
        "learning_unit": 8,
        "tutor": 9
    }
},
{
    "model": "base.attribution",
    "pk": 14,
    "fields": {
        "external_id": null,
        "changed": "2016-05-03T13:22:07.286Z",
        "start_date": "2016-05-03",
        "end_date": "2099-05-03",
        "function": "PROFESSOR",
        "learning_unit": 8,
        "tutor": 8
    }
},
{
    "model": "base.attribution",
    "pk": 15,
    "fields": {
        "external_id": null,
        "changed": "2016-05-03T13:22:22.736Z",
        "start_date": "2016-05-03",
        "end_date": "2099-05-03",
        "function": "PROFESSOR",
        "learning_unit": 7,
        "tutor": 8
    }
},
{
    "model": "base.attribution",
    "pk": 16,
    "fields": {
        "external_id": null,
        "changed": "2016-05-03T13:22:55.040Z",
        "start_date": "2016-05-03",
        "end_date": "2099-05-03",
        "function": "PROFESSOR",
        "learning_unit": 6,
        "tutor": 8
    }
},
{
    "model": "base.attribution",
    "pk": 17,
    "fields": {
        "external_id": null,
        "changed": "2016-05-03T13:23:18.936Z",
        "start_date": "2016-05-03",
        "end_date": "2099-05-03",
        "function": "PROFESSOR",
        "learning_unit": 6,
        "tutor": 7
    }
},
{
    "model": "base.attribution",
    "pk": 18,
    "fields": {
        "external_id": null,
        "changed": "2016-05-03T13:23:39.315Z",
        "start_date": "2016-05-03",
        "end_date": "2099-05-03",
        "function": "PROFESSOR",
        "learning_unit": 5,
        "tutor": 7
    }
},
{
    "model": "base.attribution",
    "pk": 19,
    "fields": {
        "external_id": null,
        "changed": "2016-05-03T13:23:53.792Z",
        "start_date": "2016-05-03",
        "end_date": "2099-05-03",
        "function": "PROFESSOR",
        "learning_unit": 4,
        "tutor": 7
    }
},
{
    "model": "base.attribution",
    "pk": 20,
    "fields": {
        "external_id": null,
        "changed": "2016-05-03T13:24:12.302Z",
        "start_date": "2016-05-03",
        "end_date": "2099-05-03",
        "function": "PROFESSOR",
        "learning_unit": 4,
        "tutor": 6
    }
},
{
    "model": "base.attribution",
    "pk": 21,
    "fields": {
        "external_id": null,
        "changed": "2016-05-03T13:24:28.196Z",
        "start_date": "2016-05-03",
        "end_date": "2099-05-03",
        "function": "PROFESSOR",
        "learning_unit": 3,
        "tutor": 6
    }
},
{
    "model": "base.attribution",
    "pk": 22,
    "fields": {
        "external_id": null,
        "changed": "2016-05-03T13:25:17.202Z",
        "start_date": "2016-05-03",
        "end_date": "2099-05-03",
        "function": "PROFESSOR",
        "learning_unit": 2,
        "tutor": 6
    }
},
{
    "model": "base.attribution",
    "pk": 23,
    "fields": {
        "external_id": null,
        "changed": "2016-05-03T13:25:33.668Z",
        "start_date": "2016-05-03",
        "end_date": "2099-05-03",
        "function": "PROFESSOR",
        "learning_unit": 1,
        "tutor": 5
    }
},
{
    "model": "base.attribution",
    "pk": 24,
    "fields": {
        "external_id": null,
        "changed": "2016-05-03T13:25:53.527Z",
        "start_date": "2016-05-03",
        "end_date": "2099-05-03",
        "function": "PROFESSOR",
        "learning_unit": 2,
        "tutor": 5
    }
},
{
    "model": "base.attribution",
    "pk": 25,
    "fields": {
        "external_id": null,
        "changed": "2016-05-03T13:26:18.156Z",
        "start_date": "2016-05-03",
        "end_date": "2099-05-03",
        "function": "PROFESSOR",
        "learning_unit": 6,
        "tutor": 5
    }
},
{
    "model": "base.examenrollment",
    "pk": 1,
    "fields": {
        "external_id": null,
        "changed": "2016-05-03T14:50:51.694Z",
        "score_draft": null,
        "score_reencoded": null,
        "score_final": null,
        "justification_draft": null,
        "justification_reencoded": null,
        "justification_final": null,
        "encoding_status": null,
        "session_exam": 1,
        "learning_unit_enrollment": 1
    }
},
{
    "model": "base.examenrollment",
    "pk": 2,
    "fields": {
        "external_id": null,
        "changed": "2016-05-03T14:50:22.403Z",
        "score_draft": null,
        "score_reencoded": null,
        "score_final": null,
        "justification_draft": null,
        "justification_reencoded": null,
        "justification_final": null,
        "encoding_status": null,
        "session_exam": 2,
        "learning_unit_enrollment": 1
    }
},
{
    "model": "base.examenrollment",
    "pk": 3,
    "fields": {
        "external_id": null,
        "changed": "2016-05-03T14:51:23.960Z",
        "score_draft": null,
        "score_reencoded": null,
        "score_final": null,
        "justification_draft": null,
        "justification_reencoded": null,
        "justification_final": null,
        "encoding_status": null,
        "session_exam": 3,
        "learning_unit_enrollment": 1
    }
},
{
    "model": "base.examenrollment",
    "pk": 4,
    "fields": {
        "external_id": null,
        "changed": "2016-05-03T14:52:33.413Z",
        "score_draft": null,
        "score_reencoded": null,
        "score_final": null,
        "justification_draft": null,
        "justification_reencoded": null,
        "justification_final": null,
        "encoding_status": null,
        "session_exam": 4,
        "learning_unit_enrollment": 2
    }
},
{
    "model": "base.examenrollment",
    "pk": 5,
    "fields": {
        "external_id": null,
        "changed": "2016-05-03T14:52:33.413Z",
        "score_draft": null,
        "score_reencoded": null,
        "score_final": null,
        "justification_draft": null,
        "justification_reencoded": null,
        "justification_final": null,
        "encoding_status": null,
        "session_exam": 5,
        "learning_unit_enrollment": 2
    }
},
{
    "model": "base.examenrollment",
    "pk": 6,
    "fields": {
        "external_id": null,
        "changed": "2016-05-03T14:52:33.413Z",
        "score_draft": null,
        "score_reencoded": null,
        "score_final": null,
        "justification_draft": null,
        "justification_reencoded": null,
        "justification_final": null,
        "encoding_status": null,
        "session_exam": 6,
        "learning_unit_enrollment": 2
    }
},
{
    "model": "base.examenrollment",
    "pk": 7,
    "fields": {
        "external_id": null,
        "changed": "2016-05-03T14:52:33.413Z",
        "score_draft": null,
        "score_reencoded": null,
        "score_final": null,
        "justification_draft": null,
        "justification_reencoded": null,
        "justification_final": null,
        "encoding_status": null,
        "session_exam": 7,
        "learning_unit_enrollment": 3
    }
},
{
    "model": "base.examenrollment",
    "pk": 8,
    "fields": {
        "external_id": null,
        "changed": "2016-05-03T14:52:33.413Z",
        "score_draft": null,
        "score_reencoded": null,
        "score_final": null,
        "justification_draft": null,
        "justification_reencoded": null,
        "justification_final": null,
        "encoding_status": null,
        "session_exam": 8,
        "learning_unit_enrollment": 3
    }
},
{
    "model": "base.examenrollment",
    "pk": 9,
    "fields": {
        "external_id": null,
        "changed": "2016-05-03T14:52:33.413Z",
        "score_draft": null,
        "score_reencoded": null,
        "score_final": null,
        "justification_draft": null,
        "justification_reencoded": null,
        "justification_final": null,
        "encoding_status": null,
        "session_exam": 9,
        "learning_unit_enrollment": 3
    }
},
{
    "model": "base.examenrollment",
    "pk": 10,
    "fields": {
        "external_id": null,
        "changed": "2016-05-03T14:52:33.413Z",
        "score_draft": null,
        "score_reencoded": null,
        "score_final": null,
        "justification_draft": null,
        "justification_reencoded": null,
        "justification_final": null,
        "encoding_status": null,
        "session_exam": 10,
        "learning_unit_enrollment": 4
    }
},
{
    "model": "base.examenrollment",
    "pk": 11,
    "fields": {
        "external_id": null,
        "changed": "2016-05-03T14:52:33.413Z",
        "score_draft": null,
        "score_reencoded": null,
        "score_final": null,
        "justification_draft": null,
        "justification_reencoded": null,
        "justification_final": null,
        "encoding_status": null,
        "session_exam": 11,
        "learning_unit_enrollment": 4
    }
},
{
    "model": "base.examenrollment",
    "pk": 12,
    "fields": {
        "external_id": null,
        "changed": "2016-05-03T14:52:33.413Z",
        "score_draft": null,
        "score_reencoded": null,
        "score_final": null,
        "justification_draft": null,
        "justification_reencoded": null,
        "justification_final": null,
        "encoding_status": null,
        "session_exam": 12,
        "learning_unit_enrollment": 4
    }
},
{
    "model": "base.examenrollment",
    "pk": 13,
    "fields": {
        "external_id": null,
        "changed": "2016-05-03T14:52:33.413Z",
        "score_draft": null,
        "score_reencoded": null,
        "score_final": null,
        "justification_draft": null,
        "justification_reencoded": null,
        "justification_final": null,
        "encoding_status": null,
        "session_exam": 13,
        "learning_unit_enrollment": 5
    }
},
{
    "model": "base.examenrollment",
    "pk": 14,
    "fields": {
        "external_id": null,
        "changed": "2016-05-03T14:52:33.413Z",
        "score_draft": null,
        "score_reencoded": null,
        "score_final": null,
        "justification_draft": null,
        "justification_reencoded": null,
        "justification_final": null,
        "encoding_status": null,
        "session_exam": 14,
        "learning_unit_enrollment": 5
    }
},
{
    "model": "base.examenrollment",
    "pk": 15,
    "fields": {
        "external_id": null,
        "changed": "2016-05-03T14:52:33.413Z",
        "score_draft": null,
        "score_reencoded": null,
        "score_final": null,
        "justification_draft": null,
        "justification_reencoded": null,
        "justification_final": null,
        "encoding_status": null,
        "session_exam": 15,
        "learning_unit_enrollment": 5
    }
},
{
    "model": "base.examenrollment",
    "pk": 16,
    "fields": {
        "external_id": null,
        "changed": "2016-05-03T14:50:51.694Z",
        "score_draft": null,
        "score_reencoded": null,
        "score_final": null,
        "justification_draft": null,
        "justification_reencoded": null,
        "justification_final": null,
        "encoding_status": null,
        "session_exam": 1,
        "learning_unit_enrollment": 6
    }
},
{
    "model": "base.examenrollment",
    "pk": 17,
    "fields": {
        "external_id": null,
        "changed": "2016-05-03T14:50:22.403Z",
        "score_draft": null,
        "score_reencoded": null,
        "score_final": null,
        "justification_draft": null,
        "justification_reencoded": null,
        "justification_final": null,
        "encoding_status": null,
        "session_exam": 2,
        "learning_unit_enrollment": 6
    }
},
{
    "model": "base.examenrollment",
    "pk": 18,
    "fields": {
        "external_id": null,
        "changed": "2016-05-03T14:51:23.960Z",
        "score_draft": null,
        "score_reencoded": null,
        "score_final": null,
        "justification_draft": null,
        "justification_reencoded": null,
        "justification_final": null,
        "encoding_status": null,
        "session_exam": 3,
        "learning_unit_enrollment": 6
    }
},
{
    "model": "base.examenrollment",
    "pk": 19,
    "fields": {
        "external_id": null,
        "changed": "2016-05-03T14:52:33.413Z",
        "score_draft": null,
        "score_reencoded": null,
        "score_final": null,
        "justification_draft": null,
        "justification_reencoded": null,
        "justification_final": null,
        "encoding_status": null,
        "session_exam": 4,
        "learning_unit_enrollment": 7
    }
},
{
    "model": "base.examenrollment",
    "pk": 20,
    "fields": {
        "external_id": null,
        "changed": "2016-05-03T14:52:33.413Z",
        "score_draft": null,
        "score_reencoded": null,
        "score_final": null,
        "justification_draft": null,
        "justification_reencoded": null,
        "justification_final": null,
        "encoding_status": null,
        "session_exam": 5,
        "learning_unit_enrollment": 7
    }
},
{
    "model": "base.examenrollment",
    "pk": 21,
    "fields": {
        "external_id": null,
        "changed": "2016-05-03T14:52:33.413Z",
        "score_draft": null,
        "score_reencoded": null,
        "score_final": null,
        "justification_draft": null,
        "justification_reencoded": null,
        "justification_final": null,
        "encoding_status": null,
        "session_exam": 6,
        "learning_unit_enrollment": 7
    }
},
{
    "model": "base.examenrollment",
    "pk": 22,
    "fields": {
        "external_id": null,
        "changed": "2016-05-03T14:52:33.413Z",
        "score_draft": null,
        "score_reencoded": null,
        "score_final": null,
        "justification_draft": null,
        "justification_reencoded": null,
        "justification_final": null,
        "encoding_status": null,
        "session_exam": 7,
        "learning_unit_enrollment": 8
    }
},
{
    "model": "base.examenrollment",
    "pk": 23,
    "fields": {
        "external_id": null,
        "changed": "2016-05-03T14:52:33.413Z",
        "score_draft": null,
        "score_reencoded": null,
        "score_final": null,
        "justification_draft": null,
        "justification_reencoded": null,
        "justification_final": null,
        "encoding_status": null,
        "session_exam": 8,
        "learning_unit_enrollment": 8
    }
},
{
    "model": "base.examenrollment",
    "pk": 24,
    "fields": {
        "external_id": null,
        "changed": "2016-05-03T14:52:33.413Z",
        "score_draft": null,
        "score_reencoded": null,
        "score_final": null,
        "justification_draft": null,
        "justification_reencoded": null,
        "justification_final": null,
        "encoding_status": null,
        "session_exam": 9,
        "learning_unit_enrollment": 8
    }
},
{
    "model": "base.examenrollment",
    "pk": 25,
    "fields": {
        "external_id": null,
        "changed": "2016-05-03T14:52:33.413Z",
        "score_draft": null,
        "score_reencoded": null,
        "score_final": null,
        "justification_draft": null,
        "justification_reencoded": null,
        "justification_final": null,
        "encoding_status": null,
        "session_exam": 10,
        "learning_unit_enrollment": 9
    }
},
{
    "model": "base.examenrollment",
    "pk": 26,
    "fields": {
        "external_id": null,
        "changed": "2016-05-03T14:52:33.413Z",
        "score_draft": null,
        "score_reencoded": null,
        "score_final": null,
        "justification_draft": null,
        "justification_reencoded": null,
        "justification_final": null,
        "encoding_status": null,
        "session_exam": 11,
        "learning_unit_enrollment": 9
    }
},
{
    "model": "base.examenrollment",
    "pk": 27,
    "fields": {
        "external_id": null,
        "changed": "2016-05-03T14:52:33.413Z",
        "score_draft": null,
        "score_reencoded": null,
        "score_final": null,
        "justification_draft": null,
        "justification_reencoded": null,
        "justification_final": null,
        "encoding_status": null,
        "session_exam": 12,
        "learning_unit_enrollment": 9
    }
},
{
    "model": "base.examenrollment",
    "pk": 28,
    "fields": {
        "external_id": null,
        "changed": "2016-05-03T14:52:33.413Z",
        "score_draft": null,
        "score_reencoded": null,
        "score_final": null,
        "justification_draft": null,
        "justification_reencoded": null,
        "justification_final": null,
        "encoding_status": null,
        "session_exam": 13,
        "learning_unit_enrollment": 10
    }
},
{
    "model": "base.examenrollment",
    "pk": 29,
    "fields": {
        "external_id": null,
        "changed": "2016-05-03T14:52:33.413Z",
        "score_draft": null,
        "score_reencoded": null,
        "score_final": null,
        "justification_draft": null,
        "justification_reencoded": null,
        "justification_final": null,
        "encoding_status": null,
        "session_exam": 14,
        "learning_unit_enrollment": 10
    }
},
{
    "model": "base.examenrollment",
    "pk": 30,
    "fields": {
        "external_id": null,
        "changed": "2016-05-03T14:52:33.413Z",
        "score_draft": null,
        "score_reencoded": null,
        "score_final": null,
        "justification_draft": null,
        "justification_reencoded": null,
        "justification_final": null,
        "encoding_status": null,
        "session_exam": 15,
        "learning_unit_enrollment": 10
    }
},
{
    "model": "base.examenrollment",
    "pk": 31,
    "fields": {
        "external_id": null,
        "changed": "2016-05-03T14:50:51.694Z",
        "score_draft": null,
        "score_reencoded": null,
        "score_final": null,
        "justification_draft": null,
        "justification_reencoded": null,
        "justification_final": null,
        "encoding_status": null,
        "session_exam": 1,
        "learning_unit_enrollment": 11
    }
},
{
    "model": "base.examenrollment",
    "pk": 32,
    "fields": {
        "external_id": null,
        "changed": "2016-05-03T14:50:22.403Z",
        "score_draft": null,
        "score_reencoded": null,
        "score_final": null,
        "justification_draft": null,
        "justification_reencoded": null,
        "justification_final": null,
        "encoding_status": null,
        "session_exam": 2,
        "learning_unit_enrollment": 11
    }
},
{
    "model": "base.examenrollment",
    "pk": 33,
    "fields": {
        "external_id": null,
        "changed": "2016-05-03T14:51:23.960Z",
        "score_draft": null,
        "score_reencoded": null,
        "score_final": null,
        "justification_draft": null,
        "justification_reencoded": null,
        "justification_final": null,
        "encoding_status": null,
        "session_exam": 3,
        "learning_unit_enrollment": 11
    }
},
{
    "model": "base.examenrollment",
    "pk": 34,
    "fields": {
        "external_id": null,
        "changed": "2016-05-03T14:52:33.413Z",
        "score_draft": null,
        "score_reencoded": null,
        "score_final": null,
        "justification_draft": null,
        "justification_reencoded": null,
        "justification_final": null,
        "encoding_status": null,
        "session_exam": 4,
        "learning_unit_enrollment": 12
    }
},
{
    "model": "base.examenrollment",
    "pk": 35,
    "fields": {
        "external_id": null,
        "changed": "2016-05-03T14:52:33.413Z",
        "score_draft": null,
        "score_reencoded": null,
        "score_final": null,
        "justification_draft": null,
        "justification_reencoded": null,
        "justification_final": null,
        "encoding_status": null,
        "session_exam": 5,
        "learning_unit_enrollment": 12
    }
},
{
    "model": "base.examenrollment",
    "pk": 36,
    "fields": {
        "external_id": null,
        "changed": "2016-05-03T14:52:33.413Z",
        "score_draft": null,
        "score_reencoded": null,
        "score_final": null,
        "justification_draft": null,
        "justification_reencoded": null,
        "justification_final": null,
        "encoding_status": null,
        "session_exam": 6,
        "learning_unit_enrollment": 12
    }
},
{
    "model": "base.examenrollment",
    "pk": 37,
    "fields": {
        "external_id": null,
        "changed": "2016-05-03T14:52:33.413Z",
        "score_draft": null,
        "score_reencoded": null,
        "score_final": null,
        "justification_draft": null,
        "justification_reencoded": null,
        "justification_final": null,
        "encoding_status": null,
        "session_exam": 7,
        "learning_unit_enrollment": 13
    }
},
{
    "model": "base.examenrollment",
    "pk": 38,
    "fields": {
        "external_id": null,
        "changed": "2016-05-03T14:52:33.413Z",
        "score_draft": null,
        "score_reencoded": null,
        "score_final": null,
        "justification_draft": null,
        "justification_reencoded": null,
        "justification_final": null,
        "encoding_status": null,
        "session_exam": 8,
        "learning_unit_enrollment": 13
    }
},
{
    "model": "base.examenrollment",
    "pk": 39,
    "fields": {
        "external_id": null,
        "changed": "2016-05-03T14:52:33.413Z",
        "score_draft": null,
        "score_reencoded": null,
        "score_final": null,
        "justification_draft": null,
        "justification_reencoded": null,
        "justification_final": null,
        "encoding_status": null,
        "session_exam": 9,
        "learning_unit_enrollment": 13
    }
},
{
    "model": "base.examenrollment",
    "pk": 40,
    "fields": {
        "external_id": null,
        "changed": "2016-05-03T14:52:33.413Z",
        "score_draft": null,
        "score_reencoded": null,
        "score_final": null,
        "justification_draft": null,
        "justification_reencoded": null,
        "justification_final": null,
        "encoding_status": null,
        "session_exam": 10,
        "learning_unit_enrollment": 14
    }
},
{
    "model": "base.examenrollment",
    "pk": 41,
    "fields": {
        "external_id": null,
        "changed": "2016-05-03T14:52:33.413Z",
        "score_draft": null,
        "score_reencoded": null,
        "score_final": null,
        "justification_draft": null,
        "justification_reencoded": null,
        "justification_final": null,
        "encoding_status": null,
        "session_exam": 11,
        "learning_unit_enrollment": 14
    }
},
{
    "model": "base.examenrollment",
    "pk": 42,
    "fields": {
        "external_id": null,
        "changed": "2016-05-03T14:52:33.413Z",
        "score_draft": null,
        "score_reencoded": null,
        "score_final": null,
        "justification_draft": null,
        "justification_reencoded": null,
        "justification_final": null,
        "encoding_status": null,
        "session_exam": 12,
        "learning_unit_enrollment": 14
    }
},
{
    "model": "base.examenrollment",
    "pk": 43,
    "fields": {
        "external_id": null,
        "changed": "2016-05-03T14:52:33.413Z",
        "score_draft": null,
        "score_reencoded": null,
        "score_final": null,
        "justification_draft": null,
        "justification_reencoded": null,
        "justification_final": null,
        "encoding_status": null,
        "session_exam": 13,
        "learning_unit_enrollment": 15
    }
},
{
    "model": "base.examenrollment",
    "pk": 44,
    "fields": {
        "external_id": null,
        "changed": "2016-05-03T14:52:33.413Z",
        "score_draft": null,
        "score_reencoded": null,
        "score_final": null,
        "justification_draft": null,
        "justification_reencoded": null,
        "justification_final": null,
        "encoding_status": null,
        "session_exam": 14,
        "learning_unit_enrollment": 15
    }
},
{
    "model": "base.examenrollment",
    "pk": 45,
    "fields": {
        "external_id": null,
        "changed": "2016-05-03T14:52:33.413Z",
        "score_draft": null,
        "score_reencoded": null,
        "score_final": null,
        "justification_draft": null,
        "justification_reencoded": null,
        "justification_final": null,
        "encoding_status": null,
        "session_exam": 15,
        "learning_unit_enrollment": 15
    }
},
{
    "model": "base.examenrollment",
    "pk": 46,
    "fields": {
        "external_id": null,
        "changed": "2016-05-03T14:50:51.694Z",
        "score_draft": null,
        "score_reencoded": null,
        "score_final": null,
        "justification_draft": null,
        "justification_reencoded": null,
        "justification_final": null,
        "encoding_status": null,
        "session_exam": 1,
        "learning_unit_enrollment": 16
    }
},
{
    "model": "base.examenrollment",
    "pk": 47,
    "fields": {
        "external_id": null,
        "changed": "2016-05-03T14:50:22.403Z",
        "score_draft": null,
        "score_reencoded": null,
        "score_final": null,
        "justification_draft": null,
        "justification_reencoded": null,
        "justification_final": null,
        "encoding_status": null,
        "session_exam": 2,
        "learning_unit_enrollment": 16
    }
},
{
    "model": "base.examenrollment",
    "pk": 48,
    "fields": {
        "external_id": null,
        "changed": "2016-05-03T14:51:23.960Z",
        "score_draft": null,
        "score_reencoded": null,
        "score_final": null,
        "justification_draft": null,
        "justification_reencoded": null,
        "justification_final": null,
        "encoding_status": null,
        "session_exam": 3,
        "learning_unit_enrollment": 16
    }
},
{
    "model": "base.examenrollment",
    "pk": 49,
    "fields": {
        "external_id": null,
        "changed": "2016-05-03T14:52:33.413Z",
        "score_draft": null,
        "score_reencoded": null,
        "score_final": null,
        "justification_draft": null,
        "justification_reencoded": null,
        "justification_final": null,
        "encoding_status": null,
        "session_exam": 4,
        "learning_unit_enrollment": 17
    }
},
{
    "model": "base.examenrollment",
    "pk": 50,
    "fields": {
        "external_id": null,
        "changed": "2016-05-03T14:52:33.413Z",
        "score_draft": null,
        "score_reencoded": null,
        "score_final": null,
        "justification_draft": null,
        "justification_reencoded": null,
        "justification_final": null,
        "encoding_status": null,
        "session_exam": 5,
        "learning_unit_enrollment": 17
    }
},
{
    "model": "base.examenrollment",
    "pk": 51,
    "fields": {
        "external_id": null,
        "changed": "2016-05-03T14:52:33.413Z",
        "score_draft": null,
        "score_reencoded": null,
        "score_final": null,
        "justification_draft": null,
        "justification_reencoded": null,
        "justification_final": null,
        "encoding_status": null,
        "session_exam": 6,
        "learning_unit_enrollment": 17
    }
},
{
    "model": "base.examenrollment",
    "pk": 52,
    "fields": {
        "external_id": null,
        "changed": "2016-05-03T14:52:33.413Z",
        "score_draft": null,
        "score_reencoded": null,
        "score_final": null,
        "justification_draft": null,
        "justification_reencoded": null,
        "justification_final": null,
        "encoding_status": null,
        "session_exam": 7,
        "learning_unit_enrollment": 18
    }
},
{
    "model": "base.examenrollment",
    "pk": 53,
    "fields": {
        "external_id": null,
        "changed": "2016-05-03T14:52:33.413Z",
        "score_draft": null,
        "score_reencoded": null,
        "score_final": null,
        "justification_draft": null,
        "justification_reencoded": null,
        "justification_final": null,
        "encoding_status": null,
        "session_exam": 8,
        "learning_unit_enrollment": 18
    }
},
{
    "model": "base.examenrollment",
    "pk": 54,
    "fields": {
        "external_id": null,
        "changed": "2016-05-03T14:52:33.413Z",
        "score_draft": null,
        "score_reencoded": null,
        "score_final": null,
        "justification_draft": null,
        "justification_reencoded": null,
        "justification_final": null,
        "encoding_status": null,
        "session_exam": 9,
        "learning_unit_enrollment": 18
    }
},
{
    "model": "base.examenrollment",
    "pk": 55,
    "fields": {
        "external_id": null,
        "changed": "2016-05-03T14:52:33.413Z",
        "score_draft": null,
        "score_reencoded": null,
        "score_final": null,
        "justification_draft": null,
        "justification_reencoded": null,
        "justification_final": null,
        "encoding_status": null,
        "session_exam": 10,
        "learning_unit_enrollment": 19
    }
},
{
    "model": "base.examenrollment",
    "pk": 56,
    "fields": {
        "external_id": null,
        "changed": "2016-05-03T14:52:33.413Z",
        "score_draft": null,
        "score_reencoded": null,
        "score_final": null,
        "justification_draft": null,
        "justification_reencoded": null,
        "justification_final": null,
        "encoding_status": null,
        "session_exam": 11,
        "learning_unit_enrollment": 19
    }
},
{
    "model": "base.examenrollment",
    "pk": 57,
    "fields": {
        "external_id": null,
        "changed": "2016-05-03T14:52:33.413Z",
        "score_draft": null,
        "score_reencoded": null,
        "score_final": null,
        "justification_draft": null,
        "justification_reencoded": null,
        "justification_final": null,
        "encoding_status": null,
        "session_exam": 12,
        "learning_unit_enrollment": 19
    }
},
{
    "model": "base.examenrollment",
    "pk": 58,
    "fields": {
        "external_id": null,
        "changed": "2016-05-03T14:52:33.413Z",
        "score_draft": null,
        "score_reencoded": null,
        "score_final": null,
        "justification_draft": null,
        "justification_reencoded": null,
        "justification_final": null,
        "encoding_status": null,
        "session_exam": 13,
        "learning_unit_enrollment": 20
    }
},
{
    "model": "base.examenrollment",
    "pk": 59,
    "fields": {
        "external_id": null,
        "changed": "2016-05-03T14:52:33.413Z",
        "score_draft": null,
        "score_reencoded": null,
        "score_final": null,
        "justification_draft": null,
        "justification_reencoded": null,
        "justification_final": null,
        "encoding_status": null,
        "session_exam": 14,
        "learning_unit_enrollment": 20
    }
},
{
    "model": "base.examenrollment",
    "pk": 60,
    "fields": {
        "external_id": null,
        "changed": "2016-05-03T14:52:33.413Z",
        "score_draft": null,
        "score_reencoded": null,
        "score_final": null,
        "justification_draft": null,
        "justification_reencoded": null,
        "justification_final": null,
        "encoding_status": null,
        "session_exam": 15,
        "learning_unit_enrollment": 20
    }
},
{
    "model": "base.examenrollment",
    "pk": 61,
    "fields": {
        "external_id": null,
        "changed": "2016-05-03T14:50:51.694Z",
        "score_draft": null,
        "score_reencoded": null,
        "score_final": null,
        "justification_draft": null,
        "justification_reencoded": null,
        "justification_final": null,
        "encoding_status": null,
        "session_exam": 1,
        "learning_unit_enrollment": 16
    }
},
{
    "model": "base.examenrollment",
    "pk": 62,
    "fields": {
        "external_id": null,
        "changed": "2016-05-03T14:50:22.403Z",
        "score_draft": null,
        "score_reencoded": null,
        "score_final": null,
        "justification_draft": null,
        "justification_reencoded": null,
        "justification_final": null,
        "encoding_status": null,
        "session_exam": 2,
        "learning_unit_enrollment": 16
    }
},
{
    "model": "base.examenrollment",
    "pk": 63,
    "fields": {
        "external_id": null,
        "changed": "2016-05-03T14:51:23.960Z",
        "score_draft": null,
        "score_reencoded": null,
        "score_final": null,
        "justification_draft": null,
        "justification_reencoded": null,
        "justification_final": null,
        "encoding_status": null,
        "session_exam": 3,
        "learning_unit_enrollment": 16
    }
},
{
    "model": "base.examenrollment",
    "pk": 64,
    "fields": {
        "external_id": null,
        "changed": "2016-05-03T14:52:33.413Z",
        "score_draft": null,
        "score_reencoded": null,
        "score_final": null,
        "justification_draft": null,
        "justification_reencoded": null,
        "justification_final": null,
        "encoding_status": null,
        "session_exam": 4,
        "learning_unit_enrollment": 22
    }
},
{
    "model": "base.examenrollment",
    "pk": 65,
    "fields": {
        "external_id": null,
        "changed": "2016-05-03T14:52:33.413Z",
        "score_draft": null,
        "score_reencoded": null,
        "score_final": null,
        "justification_draft": null,
        "justification_reencoded": null,
        "justification_final": null,
        "encoding_status": null,
        "session_exam": 5,
        "learning_unit_enrollment": 22
    }
},
{
    "model": "base.examenrollment",
    "pk": 66,
    "fields": {
        "external_id": null,
        "changed": "2016-05-03T14:52:33.413Z",
        "score_draft": null,
        "score_reencoded": null,
        "score_final": null,
        "justification_draft": null,
        "justification_reencoded": null,
        "justification_final": null,
        "encoding_status": null,
        "session_exam": 6,
        "learning_unit_enrollment": 22
    }
},
{
    "model": "base.examenrollment",
    "pk": 67,
    "fields": {
        "external_id": null,
        "changed": "2016-05-03T14:52:33.413Z",
        "score_draft": null,
        "score_reencoded": null,
        "score_final": null,
        "justification_draft": null,
        "justification_reencoded": null,
        "justification_final": null,
        "encoding_status": null,
        "session_exam": 7,
        "learning_unit_enrollment": 23
    }
},
{
    "model": "base.examenrollment",
    "pk": 68,
    "fields": {
        "external_id": null,
        "changed": "2016-05-03T14:52:33.413Z",
        "score_draft": null,
        "score_reencoded": null,
        "score_final": null,
        "justification_draft": null,
        "justification_reencoded": null,
        "justification_final": null,
        "encoding_status": null,
        "session_exam": 8,
        "learning_unit_enrollment": 23
    }
},
{
    "model": "base.examenrollment",
    "pk": 69,
    "fields": {
        "external_id": null,
        "changed": "2016-05-03T14:52:33.413Z",
        "score_draft": null,
        "score_reencoded": null,
        "score_final": null,
        "justification_draft": null,
        "justification_reencoded": null,
        "justification_final": null,
        "encoding_status": null,
        "session_exam": 9,
        "learning_unit_enrollment": 23
    }
},
{
    "model": "base.examenrollment",
    "pk": 70,
    "fields": {
        "external_id": null,
        "changed": "2016-05-03T14:52:33.413Z",
        "score_draft": null,
        "score_reencoded": null,
        "score_final": null,
        "justification_draft": null,
        "justification_reencoded": null,
        "justification_final": null,
        "encoding_status": null,
        "session_exam": 10,
        "learning_unit_enrollment": 24
    }
},
{
    "model": "base.examenrollment",
    "pk": 71,
    "fields": {
        "external_id": null,
        "changed": "2016-05-03T14:52:33.413Z",
        "score_draft": null,
        "score_reencoded": null,
        "score_final": null,
        "justification_draft": null,
        "justification_reencoded": null,
        "justification_final": null,
        "encoding_status": null,
        "session_exam": 11,
        "learning_unit_enrollment": 24
    }
},
{
    "model": "base.examenrollment",
    "pk": 72,
    "fields": {
        "external_id": null,
        "changed": "2016-05-03T14:52:33.413Z",
        "score_draft": null,
        "score_reencoded": null,
        "score_final": null,
        "justification_draft": null,
        "justification_reencoded": null,
        "justification_final": null,
        "encoding_status": null,
        "session_exam": 12,
        "learning_unit_enrollment": 24
    }
},
{
    "model": "base.examenrollment",
    "pk": 73,
    "fields": {
        "external_id": null,
        "changed": "2016-05-03T14:52:33.413Z",
        "score_draft": null,
        "score_reencoded": null,
        "score_final": null,
        "justification_draft": null,
        "justification_reencoded": null,
        "justification_final": null,
        "encoding_status": null,
        "session_exam": 13,
        "learning_unit_enrollment": 25
    }
},
{
    "model": "base.examenrollment",
    "pk": 74,
    "fields": {
        "external_id": null,
        "changed": "2016-05-03T14:52:33.413Z",
        "score_draft": null,
        "score_reencoded": null,
        "score_final": null,
        "justification_draft": null,
        "justification_reencoded": null,
        "justification_final": null,
        "encoding_status": null,
        "session_exam": 14,
        "learning_unit_enrollment": 25
    }
},
{
    "model": "base.examenrollment",
    "pk": 75,
    "fields": {
        "external_id": null,
        "changed": "2016-05-03T14:52:33.413Z",
        "score_draft": null,
        "score_reencoded": null,
        "score_final": null,
        "justification_draft": null,
        "justification_reencoded": null,
        "justification_final": null,
        "encoding_status": null,
        "session_exam": 15,
        "learning_unit_enrollment": 25
    }
},
{
    "model": "base.examenrollment",
    "pk": 76,
    "fields": {
        "external_id": null,
        "changed": "2016-05-03T14:50:51.694Z",
        "score_draft": null,
        "score_reencoded": null,
        "score_final": null,
        "justification_draft": null,
        "justification_reencoded": null,
        "justification_final": null,
        "encoding_status": null,
        "session_exam": 1,
        "learning_unit_enrollment": 31
    }
},
{
    "model": "base.examenrollment",
    "pk": 77,
    "fields": {
        "external_id": null,
        "changed": "2016-05-03T14:50:22.403Z",
        "score_draft": null,
        "score_reencoded": null,
        "score_final": null,
        "justification_draft": null,
        "justification_reencoded": null,
        "justification_final": null,
        "encoding_status": null,
        "session_exam": 2,
        "learning_unit_enrollment": 31
    }
},
{
    "model": "base.examenrollment",
    "pk": 78,
    "fields": {
        "external_id": null,
        "changed": "2016-05-03T14:51:23.960Z",
        "score_draft": null,
        "score_reencoded": null,
        "score_final": null,
        "justification_draft": null,
        "justification_reencoded": null,
        "justification_final": null,
        "encoding_status": null,
        "session_exam": 3,
        "learning_unit_enrollment": 31
    }
},
{
    "model": "base.examenrollment",
    "pk": 79,
    "fields": {
        "external_id": null,
        "changed": "2016-05-03T14:52:33.413Z",
        "score_draft": null,
        "score_reencoded": null,
        "score_final": null,
        "justification_draft": null,
        "justification_reencoded": null,
        "justification_final": null,
        "encoding_status": null,
        "session_exam": 4,
        "learning_unit_enrollment": 32
    }
},
{
    "model": "base.examenrollment",
    "pk": 80,
    "fields": {
        "external_id": null,
        "changed": "2016-05-03T14:52:33.413Z",
        "score_draft": null,
        "score_reencoded": null,
        "score_final": null,
        "justification_draft": null,
        "justification_reencoded": null,
        "justification_final": null,
        "encoding_status": null,
        "session_exam": 5,
        "learning_unit_enrollment": 32
    }
},
{
    "model": "base.examenrollment",
    "pk": 81,
    "fields": {
        "external_id": null,
        "changed": "2016-05-03T14:52:33.413Z",
        "score_draft": null,
        "score_reencoded": null,
        "score_final": null,
        "justification_draft": null,
        "justification_reencoded": null,
        "justification_final": null,
        "encoding_status": null,
        "session_exam": 6,
        "learning_unit_enrollment": 32
    }
},
{
    "model": "base.examenrollment",
    "pk": 82,
    "fields": {
        "external_id": null,
        "changed": "2016-05-03T14:52:33.413Z",
        "score_draft": null,
        "score_reencoded": null,
        "score_final": null,
        "justification_draft": null,
        "justification_reencoded": null,
        "justification_final": null,
        "encoding_status": null,
        "session_exam": 7,
        "learning_unit_enrollment": 33
    }
},
{
    "model": "base.examenrollment",
    "pk": 83,
    "fields": {
        "external_id": null,
        "changed": "2016-05-03T14:52:33.413Z",
        "score_draft": null,
        "score_reencoded": null,
        "score_final": null,
        "justification_draft": null,
        "justification_reencoded": null,
        "justification_final": null,
        "encoding_status": null,
        "session_exam": 8,
        "learning_unit_enrollment": 33
    }
},
{
    "model": "base.examenrollment",
    "pk": 84,
    "fields": {
        "external_id": null,
        "changed": "2016-05-03T14:52:33.413Z",
        "score_draft": null,
        "score_reencoded": null,
        "score_final": null,
        "justification_draft": null,
        "justification_reencoded": null,
        "justification_final": null,
        "encoding_status": null,
        "session_exam": 9,
        "learning_unit_enrollment": 33
    }
},
{
    "model": "base.examenrollment",
    "pk": 85,
    "fields": {
        "external_id": null,
        "changed": "2016-05-03T14:52:33.413Z",
        "score_draft": null,
        "score_reencoded": null,
        "score_final": null,
        "justification_draft": null,
        "justification_reencoded": null,
        "justification_final": null,
        "encoding_status": null,
        "session_exam": 10,
        "learning_unit_enrollment": 34
    }
},
{
    "model": "base.examenrollment",
    "pk": 86,
    "fields": {
        "external_id": null,
        "changed": "2016-05-03T14:52:33.413Z",
        "score_draft": null,
        "score_reencoded": null,
        "score_final": null,
        "justification_draft": null,
        "justification_reencoded": null,
        "justification_final": null,
        "encoding_status": null,
        "session_exam": 11,
        "learning_unit_enrollment": 34
    }
},
{
    "model": "base.examenrollment",
    "pk": 87,
    "fields": {
        "external_id": null,
        "changed": "2016-05-03T14:52:33.413Z",
        "score_draft": null,
        "score_reencoded": null,
        "score_final": null,
        "justification_draft": null,
        "justification_reencoded": null,
        "justification_final": null,
        "encoding_status": null,
        "session_exam": 12,
        "learning_unit_enrollment": 34
    }
},
{
    "model": "base.examenrollment",
    "pk": 88,
    "fields": {
        "external_id": null,
        "changed": "2016-05-03T14:52:33.413Z",
        "score_draft": null,
        "score_reencoded": null,
        "score_final": null,
        "justification_draft": null,
        "justification_reencoded": null,
        "justification_final": null,
        "encoding_status": null,
        "session_exam": 13,
        "learning_unit_enrollment": 35
    }
},
{
    "model": "base.examenrollment",
    "pk": 89,
    "fields": {
        "external_id": null,
        "changed": "2016-05-03T14:52:33.413Z",
        "score_draft": null,
        "score_reencoded": null,
        "score_final": null,
        "justification_draft": null,
        "justification_reencoded": null,
        "justification_final": null,
        "encoding_status": null,
        "session_exam": 14,
        "learning_unit_enrollment": 35
    }
},
{
    "model": "base.examenrollment",
    "pk": 90,
    "fields": {
        "external_id": null,
        "changed": "2016-05-03T14:52:33.413Z",
        "score_draft": null,
        "score_reencoded": null,
        "score_final": null,
        "justification_draft": null,
        "justification_reencoded": null,
        "justification_final": null,
        "encoding_status": null,
        "session_exam": 15,
        "learning_unit_enrollment": 35
    }
},
{
    "model": "base.examenrollment",
    "pk": 91,
    "fields": {
        "external_id": null,
        "changed": "2016-05-03T14:50:51.694Z",
        "score_draft": null,
        "score_reencoded": null,
        "score_final": null,
        "justification_draft": null,
        "justification_reencoded": null,
        "justification_final": null,
        "encoding_status": null,
        "session_exam": 1,
        "learning_unit_enrollment": 36
    }
},
{
    "model": "base.examenrollment",
    "pk": 92,
    "fields": {
        "external_id": null,
        "changed": "2016-05-03T14:50:22.403Z",
        "score_draft": null,
        "score_reencoded": null,
        "score_final": null,
        "justification_draft": null,
        "justification_reencoded": null,
        "justification_final": null,
        "encoding_status": null,
        "session_exam": 18,
        "learning_unit_enrollment": 36
    }
},
{
    "model": "base.examenrollment",
    "pk": 93,
    "fields": {
        "external_id": null,
        "changed": "2016-05-03T14:51:23.960Z",
        "score_draft": null,
        "score_reencoded": null,
        "score_final": null,
        "justification_draft": null,
        "justification_reencoded": null,
        "justification_final": null,
        "encoding_status": null,
        "session_exam": 3,
        "learning_unit_enrollment": 36
    }
},
{
    "model": "base.examenrollment",
    "pk": 94,
    "fields": {
        "external_id": null,
        "changed": "2016-05-03T14:52:33.413Z",
        "score_draft": null,
        "score_reencoded": null,
        "score_final": null,
        "justification_draft": null,
        "justification_reencoded": null,
        "justification_final": null,
        "encoding_status": null,
        "session_exam": 4,
        "learning_unit_enrollment": 37
    }
},
{
    "model": "base.examenrollment",
    "pk": 95,
    "fields": {
        "external_id": null,
        "changed": "2016-05-03T14:52:33.413Z",
        "score_draft": null,
        "score_reencoded": null,
        "score_final": null,
        "justification_draft": null,
        "justification_reencoded": null,
        "justification_final": null,
        "encoding_status": null,
        "session_exam": 5,
        "learning_unit_enrollment": 37
    }
},
{
    "model": "base.examenrollment",
    "pk": 96,
    "fields": {
        "external_id": null,
        "changed": "2016-05-03T14:52:33.413Z",
        "score_draft": null,
        "score_reencoded": null,
        "score_final": null,
        "justification_draft": null,
        "justification_reencoded": null,
        "justification_final": null,
        "encoding_status": null,
        "session_exam": 6,
        "learning_unit_enrollment": 37
    }
},
{
    "model": "base.examenrollment",
    "pk": 97,
    "fields": {
        "external_id": null,
        "changed": "2016-05-03T14:52:33.413Z",
        "score_draft": null,
        "score_reencoded": null,
        "score_final": null,
        "justification_draft": null,
        "justification_reencoded": null,
        "justification_final": null,
        "encoding_status": null,
        "session_exam": 7,
        "learning_unit_enrollment": 38
    }
},
{
    "model": "base.examenrollment",
    "pk": 98,
    "fields": {
        "external_id": null,
        "changed": "2016-05-03T14:52:33.413Z",
        "score_draft": null,
        "score_reencoded": null,
        "score_final": null,
        "justification_draft": null,
        "justification_reencoded": null,
        "justification_final": null,
        "encoding_status": null,
        "session_exam": 8,
        "learning_unit_enrollment": 38
    }
},
{
    "model": "base.examenrollment",
    "pk": 99,
    "fields": {
        "external_id": null,
        "changed": "2016-05-03T14:52:33.413Z",
        "score_draft": null,
        "score_reencoded": null,
        "score_final": null,
        "justification_draft": null,
        "justification_reencoded": null,
        "justification_final": null,
        "encoding_status": null,
        "session_exam": 9,
        "learning_unit_enrollment": 38
    }
},
{
    "model": "base.examenrollment",
    "pk": 100,
    "fields": {
        "external_id": null,
        "changed": "2016-05-03T14:52:33.413Z",
        "score_draft": null,
        "score_reencoded": null,
        "score_final": null,
        "justification_draft": null,
        "justification_reencoded": null,
        "justification_final": null,
        "encoding_status": null,
        "session_exam": 10,
        "learning_unit_enrollment": 39
    }
},
{
    "model": "base.examenrollment",
    "pk": 101,
    "fields": {
        "external_id": null,
        "changed": "2016-05-03T14:52:33.413Z",
        "score_draft": null,
        "score_reencoded": null,
        "score_final": null,
        "justification_draft": null,
        "justification_reencoded": null,
        "justification_final": null,
        "encoding_status": null,
        "session_exam": 11,
        "learning_unit_enrollment": 39
    }
},
{
    "model": "base.examenrollment",
    "pk": 102,
    "fields": {
        "external_id": null,
        "changed": "2016-05-03T14:52:33.413Z",
        "score_draft": null,
        "score_reencoded": null,
        "score_final": null,
        "justification_draft": null,
        "justification_reencoded": null,
        "justification_final": null,
        "encoding_status": null,
        "session_exam": 12,
        "learning_unit_enrollment": 39
    }
},
{
    "model": "base.examenrollment",
    "pk": 103,
    "fields": {
        "external_id": null,
        "changed": "2016-05-03T14:52:33.413Z",
        "score_draft": null,
        "score_reencoded": null,
        "score_final": null,
        "justification_draft": null,
        "justification_reencoded": null,
        "justification_final": null,
        "encoding_status": null,
        "session_exam": 13,
        "learning_unit_enrollment": 40
    }
},
{
    "model": "base.examenrollment",
    "pk": 104,
    "fields": {
        "external_id": null,
        "changed": "2016-05-03T14:52:33.413Z",
        "score_draft": null,
        "score_reencoded": null,
        "score_final": null,
        "justification_draft": null,
        "justification_reencoded": null,
        "justification_final": null,
        "encoding_status": null,
        "session_exam": 14,
        "learning_unit_enrollment": 40
    }
},
{
    "model": "base.examenrollment",
    "pk": 105,
    "fields": {
        "external_id": null,
        "changed": "2016-05-03T14:52:33.413Z",
        "score_draft": null,
        "score_reencoded": null,
        "score_final": null,
        "justification_draft": null,
        "justification_reencoded": null,
        "justification_final": null,
        "encoding_status": null,
        "session_exam": 15,
        "learning_unit_enrollment": 40
    }
},
{
    "model": "base.examenrollment",
    "pk": 106,
    "fields": {
        "external_id": null,
        "changed": "2016-05-03T14:50:51.694Z",
        "score_draft": null,
        "score_reencoded": null,
        "score_final": null,
        "justification_draft": null,
        "justification_reencoded": null,
        "justification_final": null,
        "encoding_status": null,
        "session_exam": 1,
        "learning_unit_enrollment": 41
    }
},
{
    "model": "base.examenrollment",
    "pk": 107,
    "fields": {
        "external_id": null,
        "changed": "2016-05-03T14:50:22.403Z",
        "score_draft": null,
        "score_reencoded": null,
        "score_final": null,
        "justification_draft": null,
        "justification_reencoded": null,
        "justification_final": null,
        "encoding_status": null,
        "session_exam": 2,
        "learning_unit_enrollment": 41
    }
},
{
    "model": "base.examenrollment",
    "pk": 108,
    "fields": {
        "external_id": null,
        "changed": "2016-05-03T14:51:23.960Z",
        "score_draft": null,
        "score_reencoded": null,
        "score_final": null,
        "justification_draft": null,
        "justification_reencoded": null,
        "justification_final": null,
        "encoding_status": null,
        "session_exam": 3,
        "learning_unit_enrollment": 41
    }
},
{
    "model": "base.examenrollment",
    "pk": 109,
    "fields": {
        "external_id": null,
        "changed": "2016-05-03T14:52:33.413Z",
        "score_draft": null,
        "score_reencoded": null,
        "score_final": null,
        "justification_draft": null,
        "justification_reencoded": null,
        "justification_final": null,
        "encoding_status": null,
        "session_exam": 4,
        "learning_unit_enrollment": 42
    }
},
{
    "model": "base.examenrollment",
    "pk": 110,
    "fields": {
        "external_id": null,
        "changed": "2016-05-03T14:52:33.413Z",
        "score_draft": null,
        "score_reencoded": null,
        "score_final": null,
        "justification_draft": null,
        "justification_reencoded": null,
        "justification_final": null,
        "encoding_status": null,
        "session_exam": 5,
        "learning_unit_enrollment": 42
    }
},
{
    "model": "base.examenrollment",
    "pk": 111,
    "fields": {
        "external_id": null,
        "changed": "2016-05-03T14:52:33.413Z",
        "score_draft": null,
        "score_reencoded": null,
        "score_final": null,
        "justification_draft": null,
        "justification_reencoded": null,
        "justification_final": null,
        "encoding_status": null,
        "session_exam": 6,
        "learning_unit_enrollment": 42
    }
},
{
    "model": "base.examenrollment",
    "pk": 112,
    "fields": {
        "external_id": null,
        "changed": "2016-05-03T14:52:33.413Z",
        "score_draft": null,
        "score_reencoded": null,
        "score_final": null,
        "justification_draft": null,
        "justification_reencoded": null,
        "justification_final": null,
        "encoding_status": null,
        "session_exam": 7,
        "learning_unit_enrollment": 43
    }
},
{
    "model": "base.examenrollment",
    "pk": 113,
    "fields": {
        "external_id": null,
        "changed": "2016-05-03T14:52:33.413Z",
        "score_draft": null,
        "score_reencoded": null,
        "score_final": null,
        "justification_draft": null,
        "justification_reencoded": null,
        "justification_final": null,
        "encoding_status": null,
        "session_exam": 8,
        "learning_unit_enrollment": 43
    }
},
{
    "model": "base.examenrollment",
    "pk": 114,
    "fields": {
        "external_id": null,
        "changed": "2016-05-03T14:52:33.413Z",
        "score_draft": null,
        "score_reencoded": null,
        "score_final": null,
        "justification_draft": null,
        "justification_reencoded": null,
        "justification_final": null,
        "encoding_status": null,
        "session_exam": 9,
        "learning_unit_enrollment": 43
    }
},
{
    "model": "base.examenrollment",
    "pk": 115,
    "fields": {
        "external_id": null,
        "changed": "2016-05-03T14:52:33.413Z",
        "score_draft": null,
        "score_reencoded": null,
        "score_final": null,
        "justification_draft": null,
        "justification_reencoded": null,
        "justification_final": null,
        "encoding_status": null,
        "session_exam": 10,
        "learning_unit_enrollment": 44
    }
},
{
    "model": "base.examenrollment",
    "pk": 116,
    "fields": {
        "external_id": null,
        "changed": "2016-05-03T14:52:33.413Z",
        "score_draft": null,
        "score_reencoded": null,
        "score_final": null,
        "justification_draft": null,
        "justification_reencoded": null,
        "justification_final": null,
        "encoding_status": null,
        "session_exam": 11,
        "learning_unit_enrollment": 44
    }
},
{
    "model": "base.examenrollment",
    "pk": 117,
    "fields": {
        "external_id": null,
        "changed": "2016-05-03T14:52:33.413Z",
        "score_draft": null,
        "score_reencoded": null,
        "score_final": null,
        "justification_draft": null,
        "justification_reencoded": null,
        "justification_final": null,
        "encoding_status": null,
        "session_exam": 12,
        "learning_unit_enrollment": 44
    }
},
{
    "model": "base.examenrollment",
    "pk": 118,
    "fields": {
        "external_id": null,
        "changed": "2016-05-03T14:52:33.413Z",
        "score_draft": null,
        "score_reencoded": null,
        "score_final": null,
        "justification_draft": null,
        "justification_reencoded": null,
        "justification_final": null,
        "encoding_status": null,
        "session_exam": 13,
        "learning_unit_enrollment": 45
    }
},
{
    "model": "base.examenrollment",
    "pk": 119,
    "fields": {
        "external_id": null,
        "changed": "2016-05-03T14:52:33.413Z",
        "score_draft": null,
        "score_reencoded": null,
        "score_final": null,
        "justification_draft": null,
        "justification_reencoded": null,
        "justification_final": null,
        "encoding_status": null,
        "session_exam": 14,
        "learning_unit_enrollment": 45
    }
},
{
    "model": "base.examenrollment",
    "pk": 120,
    "fields": {
        "external_id": null,
        "changed": "2016-05-03T14:52:33.413Z",
        "score_draft": null,
        "score_reencoded": null,
        "score_final": null,
        "justification_draft": null,
        "justification_reencoded": null,
        "justification_final": null,
        "encoding_status": null,
        "session_exam": 15,
        "learning_unit_enrollment": 45
    }
},
{
    "model": "base.examenrollment",
    "pk": 121,
    "fields": {
        "external_id": null,
        "changed": "2016-05-03T14:50:51.694Z",
        "score_draft": null,
        "score_reencoded": null,
        "score_final": null,
        "justification_draft": null,
        "justification_reencoded": null,
        "justification_final": null,
        "encoding_status": null,
        "session_exam": 17,
        "learning_unit_enrollment": 46
    }
},
{
    "model": "base.examenrollment",
    "pk": 122,
    "fields": {
        "external_id": null,
        "changed": "2016-05-03T14:50:22.403Z",
        "score_draft": null,
        "score_reencoded": null,
        "score_final": null,
        "justification_draft": null,
        "justification_reencoded": null,
        "justification_final": null,
        "encoding_status": null,
        "session_exam": 18,
        "learning_unit_enrollment": 46
    }
},
{
    "model": "base.examenrollment",
    "pk": 123,
    "fields": {
        "external_id": null,
        "changed": "2016-05-03T14:51:23.960Z",
        "score_draft": null,
        "score_reencoded": null,
        "score_final": null,
        "justification_draft": null,
        "justification_reencoded": null,
        "justification_final": null,
        "encoding_status": null,
        "session_exam": 19,
        "learning_unit_enrollment": 46
    }
},
{
    "model": "base.examenrollment",
    "pk": 124,
    "fields": {
        "external_id": null,
        "changed": "2016-05-03T14:52:33.413Z",
        "score_draft": null,
        "score_reencoded": null,
        "score_final": null,
        "justification_draft": null,
        "justification_reencoded": null,
        "justification_final": null,
        "encoding_status": null,
        "session_exam": 20,
        "learning_unit_enrollment": 47
    }
},
{
    "model": "base.examenrollment",
    "pk": 125,
    "fields": {
        "external_id": null,
        "changed": "2016-05-03T14:52:33.413Z",
        "score_draft": null,
        "score_reencoded": null,
        "score_final": null,
        "justification_draft": null,
        "justification_reencoded": null,
        "justification_final": null,
        "encoding_status": null,
        "session_exam": 21,
        "learning_unit_enrollment": 47
    }
},
{
    "model": "base.examenrollment",
    "pk": 126,
    "fields": {
        "external_id": null,
        "changed": "2016-05-03T14:52:33.413Z",
        "score_draft": null,
        "score_reencoded": null,
        "score_final": null,
        "justification_draft": null,
        "justification_reencoded": null,
        "justification_final": null,
        "encoding_status": null,
        "session_exam": 22,
        "learning_unit_enrollment": 47
    }
},
{
    "model": "base.examenrollment",
    "pk": 127,
    "fields": {
        "external_id": null,
        "changed": "2016-05-03T14:52:33.413Z",
        "score_draft": null,
        "score_reencoded": null,
        "score_final": null,
        "justification_draft": null,
        "justification_reencoded": null,
        "justification_final": null,
        "encoding_status": null,
        "session_exam": 23,
        "learning_unit_enrollment": 48
    }
},
{
    "model": "base.examenrollment",
    "pk": 128,
    "fields": {
        "external_id": null,
        "changed": "2016-05-03T14:52:33.413Z",
        "score_draft": null,
        "score_reencoded": null,
        "score_final": null,
        "justification_draft": null,
        "justification_reencoded": null,
        "justification_final": null,
        "encoding_status": null,
        "session_exam": 24,
        "learning_unit_enrollment": 48
    }
},
{
    "model": "base.examenrollment",
    "pk": 129,
    "fields": {
        "external_id": null,
        "changed": "2016-05-03T14:52:33.413Z",
        "score_draft": null,
        "score_reencoded": null,
        "score_final": null,
        "justification_draft": null,
        "justification_reencoded": null,
        "justification_final": null,
        "encoding_status": null,
        "session_exam": 25,
        "learning_unit_enrollment": 48
    }
},
{
    "model": "base.examenrollment",
    "pk": 130,
    "fields": {
        "external_id": null,
        "changed": "2016-05-03T14:52:33.413Z",
        "score_draft": null,
        "score_reencoded": null,
        "score_final": null,
        "justification_draft": null,
        "justification_reencoded": null,
        "justification_final": null,
        "encoding_status": null,
        "session_exam": 26,
        "learning_unit_enrollment": 49
    }
},
{
    "model": "base.examenrollment",
    "pk": 131,
    "fields": {
        "external_id": null,
        "changed": "2016-05-03T14:52:33.413Z",
        "score_draft": null,
        "score_reencoded": null,
        "score_final": null,
        "justification_draft": null,
        "justification_reencoded": null,
        "justification_final": null,
        "encoding_status": null,
        "session_exam": 27,
        "learning_unit_enrollment": 49
    }
},
{
    "model": "base.examenrollment",
    "pk": 132,
    "fields": {
        "external_id": null,
        "changed": "2016-05-03T14:52:33.413Z",
        "score_draft": null,
        "score_reencoded": null,
        "score_final": null,
        "justification_draft": null,
        "justification_reencoded": null,
        "justification_final": null,
        "encoding_status": null,
        "session_exam": 28,
        "learning_unit_enrollment": 49
    }
},
{
    "model": "base.examenrollment",
    "pk": 133,
    "fields": {
        "external_id": null,
        "changed": "2016-05-03T14:52:33.413Z",
        "score_draft": null,
        "score_reencoded": null,
        "score_final": null,
        "justification_draft": null,
        "justification_reencoded": null,
        "justification_final": null,
        "encoding_status": null,
        "session_exam": 29,
        "learning_unit_enrollment": 50
    }
},
{
    "model": "base.examenrollment",
    "pk": 134,
    "fields": {
        "external_id": null,
        "changed": "2016-05-03T14:52:33.413Z",
        "score_draft": null,
        "score_reencoded": null,
        "score_final": null,
        "justification_draft": null,
        "justification_reencoded": null,
        "justification_final": null,
        "encoding_status": null,
        "session_exam": 30,
        "learning_unit_enrollment": 50
    }
},
{
    "model": "base.examenrollment",
    "pk": 135,
    "fields": {
        "external_id": null,
        "changed": "2016-05-03T14:52:33.413Z",
        "score_draft": null,
        "score_reencoded": null,
        "score_final": null,
        "justification_draft": null,
        "justification_reencoded": null,
        "justification_final": null,
        "encoding_status": null,
        "session_exam": 31,
        "learning_unit_enrollment": 50
    }
},
{
    "model": "base.examenrollment",
    "pk": 136,
    "fields": {
        "external_id": null,
        "changed": "2016-05-03T14:50:51.694Z",
        "score_draft": null,
        "score_reencoded": null,
        "score_final": null,
        "justification_draft": null,
        "justification_reencoded": null,
        "justification_final": null,
        "encoding_status": null,
        "session_exam": 17,
        "learning_unit_enrollment": 51
    }
},
{
    "model": "base.examenrollment",
    "pk": 137,
    "fields": {
        "external_id": null,
        "changed": "2016-05-03T14:50:22.403Z",
        "score_draft": null,
        "score_reencoded": null,
        "score_final": null,
        "justification_draft": null,
        "justification_reencoded": null,
        "justification_final": null,
        "encoding_status": null,
        "session_exam": 18,
        "learning_unit_enrollment": 51
    }
},
{
    "model": "base.examenrollment",
    "pk": 138,
    "fields": {
        "external_id": null,
        "changed": "2016-05-03T14:51:23.960Z",
        "score_draft": null,
        "score_reencoded": null,
        "score_final": null,
        "justification_draft": null,
        "justification_reencoded": null,
        "justification_final": null,
        "encoding_status": null,
        "session_exam": 19,
        "learning_unit_enrollment": 51
    }
},
{
    "model": "base.examenrollment",
    "pk": 139,
    "fields": {
        "external_id": null,
        "changed": "2016-05-03T14:52:33.413Z",
        "score_draft": null,
        "score_reencoded": null,
        "score_final": null,
        "justification_draft": null,
        "justification_reencoded": null,
        "justification_final": null,
        "encoding_status": null,
        "session_exam": 20,
        "learning_unit_enrollment": 52
    }
},
{
    "model": "base.examenrollment",
    "pk": 140,
    "fields": {
        "external_id": null,
        "changed": "2016-05-03T14:52:33.413Z",
        "score_draft": null,
        "score_reencoded": null,
        "score_final": null,
        "justification_draft": null,
        "justification_reencoded": null,
        "justification_final": null,
        "encoding_status": null,
        "session_exam": 21,
        "learning_unit_enrollment": 52
    }
},
{
    "model": "base.examenrollment",
    "pk": 141,
    "fields": {
        "external_id": null,
        "changed": "2016-05-03T14:52:33.413Z",
        "score_draft": null,
        "score_reencoded": null,
        "score_final": null,
        "justification_draft": null,
        "justification_reencoded": null,
        "justification_final": null,
        "encoding_status": null,
        "session_exam": 22,
        "learning_unit_enrollment": 52
    }
},
{
    "model": "base.examenrollment",
    "pk": 142,
    "fields": {
        "external_id": null,
        "changed": "2016-05-03T14:52:33.413Z",
        "score_draft": null,
        "score_reencoded": null,
        "score_final": null,
        "justification_draft": null,
        "justification_reencoded": null,
        "justification_final": null,
        "encoding_status": null,
        "session_exam": 23,
        "learning_unit_enrollment": 53
    }
},
{
    "model": "base.examenrollment",
    "pk": 143,
    "fields": {
        "external_id": null,
        "changed": "2016-05-03T14:52:33.413Z",
        "score_draft": null,
        "score_reencoded": null,
        "score_final": null,
        "justification_draft": null,
        "justification_reencoded": null,
        "justification_final": null,
        "encoding_status": null,
        "session_exam": 24,
        "learning_unit_enrollment": 53
    }
},
{
    "model": "base.examenrollment",
    "pk": 144,
    "fields": {
        "external_id": null,
        "changed": "2016-05-03T14:52:33.413Z",
        "score_draft": null,
        "score_reencoded": null,
        "score_final": null,
        "justification_draft": null,
        "justification_reencoded": null,
        "justification_final": null,
        "encoding_status": null,
        "session_exam": 25,
        "learning_unit_enrollment": 53
    }
},
{
    "model": "base.examenrollment",
    "pk": 145,
    "fields": {
        "external_id": null,
        "changed": "2016-05-03T14:52:33.413Z",
        "score_draft": null,
        "score_reencoded": null,
        "score_final": null,
        "justification_draft": null,
        "justification_reencoded": null,
        "justification_final": null,
        "encoding_status": null,
        "session_exam": 26,
        "learning_unit_enrollment": 54
    }
},
{
    "model": "base.examenrollment",
    "pk": 146,
    "fields": {
        "external_id": null,
        "changed": "2016-05-03T14:52:33.413Z",
        "score_draft": null,
        "score_reencoded": null,
        "score_final": null,
        "justification_draft": null,
        "justification_reencoded": null,
        "justification_final": null,
        "encoding_status": null,
        "session_exam": 27,
        "learning_unit_enrollment": 54
    }
},
{
    "model": "base.examenrollment",
    "pk": 147,
    "fields": {
        "external_id": null,
        "changed": "2016-05-03T14:52:33.413Z",
        "score_draft": null,
        "score_reencoded": null,
        "score_final": null,
        "justification_draft": null,
        "justification_reencoded": null,
        "justification_final": null,
        "encoding_status": null,
        "session_exam": 28,
        "learning_unit_enrollment": 54
    }
},
{
    "model": "base.examenrollment",
    "pk": 148,
    "fields": {
        "external_id": null,
        "changed": "2016-05-03T14:52:33.413Z",
        "score_draft": null,
        "score_reencoded": null,
        "score_final": null,
        "justification_draft": null,
        "justification_reencoded": null,
        "justification_final": null,
        "encoding_status": null,
        "session_exam": 29,
        "learning_unit_enrollment": 55
    }
},
{
    "model": "base.examenrollment",
    "pk": 149,
    "fields": {
        "external_id": null,
        "changed": "2016-05-03T14:52:33.413Z",
        "score_draft": null,
        "score_reencoded": null,
        "score_final": null,
        "justification_draft": null,
        "justification_reencoded": null,
        "justification_final": null,
        "encoding_status": null,
        "session_exam": 30,
        "learning_unit_enrollment": 55
    }
},
{
    "model": "base.examenrollment",
    "pk": 150,
    "fields": {
        "external_id": null,
        "changed": "2016-05-03T14:52:33.413Z",
        "score_draft": null,
        "score_reencoded": null,
        "score_final": null,
        "justification_draft": null,
        "justification_reencoded": null,
        "justification_final": null,
        "encoding_status": null,
        "session_exam": 31,
        "learning_unit_enrollment": 55
    }
},
{
    "model": "base.examenrollment",
    "pk": 151,
    "fields": {
        "external_id": null,
        "changed": "2016-05-03T14:50:51.694Z",
        "score_draft": null,
        "score_reencoded": null,
        "score_final": null,
        "justification_draft": null,
        "justification_reencoded": null,
        "justification_final": null,
        "encoding_status": null,
        "session_exam": 17,
        "learning_unit_enrollment": 56
    }
},
{
    "model": "base.examenrollment",
    "pk": 152,
    "fields": {
        "external_id": null,
        "changed": "2016-05-03T14:50:22.403Z",
        "score_draft": null,
        "score_reencoded": null,
        "score_final": null,
        "justification_draft": null,
        "justification_reencoded": null,
        "justification_final": null,
        "encoding_status": null,
        "session_exam": 18,
        "learning_unit_enrollment": 56
    }
},
{
    "model": "base.examenrollment",
    "pk": 153,
    "fields": {
        "external_id": null,
        "changed": "2016-05-03T14:51:23.960Z",
        "score_draft": null,
        "score_reencoded": null,
        "score_final": null,
        "justification_draft": null,
        "justification_reencoded": null,
        "justification_final": null,
        "encoding_status": null,
        "session_exam": 19,
        "learning_unit_enrollment": 56
    }
},
{
    "model": "base.examenrollment",
    "pk": 154,
    "fields": {
        "external_id": null,
        "changed": "2016-05-03T14:52:33.413Z",
        "score_draft": null,
        "score_reencoded": null,
        "score_final": null,
        "justification_draft": null,
        "justification_reencoded": null,
        "justification_final": null,
        "encoding_status": null,
        "session_exam": 20,
        "learning_unit_enrollment": 57
    }
},
{
    "model": "base.examenrollment",
    "pk": 155,
    "fields": {
        "external_id": null,
        "changed": "2016-05-03T14:52:33.413Z",
        "score_draft": null,
        "score_reencoded": null,
        "score_final": null,
        "justification_draft": null,
        "justification_reencoded": null,
        "justification_final": null,
        "encoding_status": null,
        "session_exam": 21,
        "learning_unit_enrollment": 57
    }
},
{
    "model": "base.examenrollment",
    "pk": 156,
    "fields": {
        "external_id": null,
        "changed": "2016-05-03T14:52:33.413Z",
        "score_draft": null,
        "score_reencoded": null,
        "score_final": null,
        "justification_draft": null,
        "justification_reencoded": null,
        "justification_final": null,
        "encoding_status": null,
        "session_exam": 22,
        "learning_unit_enrollment": 57
    }
},
{
    "model": "base.examenrollment",
    "pk": 157,
    "fields": {
        "external_id": null,
        "changed": "2016-05-03T14:52:33.413Z",
        "score_draft": null,
        "score_reencoded": null,
        "score_final": null,
        "justification_draft": null,
        "justification_reencoded": null,
        "justification_final": null,
        "encoding_status": null,
        "session_exam": 23,
        "learning_unit_enrollment": 58
    }
},
{
    "model": "base.examenrollment",
    "pk": 158,
    "fields": {
        "external_id": null,
        "changed": "2016-05-03T14:52:33.413Z",
        "score_draft": null,
        "score_reencoded": null,
        "score_final": null,
        "justification_draft": null,
        "justification_reencoded": null,
        "justification_final": null,
        "encoding_status": null,
        "session_exam": 24,
        "learning_unit_enrollment": 58
    }
},
{
    "model": "base.examenrollment",
    "pk": 159,
    "fields": {
        "external_id": null,
        "changed": "2016-05-03T14:52:33.413Z",
        "score_draft": null,
        "score_reencoded": null,
        "score_final": null,
        "justification_draft": null,
        "justification_reencoded": null,
        "justification_final": null,
        "encoding_status": null,
        "session_exam": 25,
        "learning_unit_enrollment": 58
    }
},
{
    "model": "base.examenrollment",
    "pk": 160,
    "fields": {
        "external_id": null,
        "changed": "2016-05-03T14:52:33.413Z",
        "score_draft": null,
        "score_reencoded": null,
        "score_final": null,
        "justification_draft": null,
        "justification_reencoded": null,
        "justification_final": null,
        "encoding_status": null,
        "session_exam": 26,
        "learning_unit_enrollment": 59
    }
},
{
    "model": "base.examenrollment",
    "pk": 161,
    "fields": {
        "external_id": null,
        "changed": "2016-05-03T14:52:33.413Z",
        "score_draft": null,
        "score_reencoded": null,
        "score_final": null,
        "justification_draft": null,
        "justification_reencoded": null,
        "justification_final": null,
        "encoding_status": null,
        "session_exam": 27,
        "learning_unit_enrollment": 59
    }
},
{
    "model": "base.examenrollment",
    "pk": 162,
    "fields": {
        "external_id": null,
        "changed": "2016-05-03T14:52:33.413Z",
        "score_draft": null,
        "score_reencoded": null,
        "score_final": null,
        "justification_draft": null,
        "justification_reencoded": null,
        "justification_final": null,
        "encoding_status": null,
        "session_exam": 28,
        "learning_unit_enrollment": 59
    }
},
{
    "model": "base.examenrollment",
    "pk": 163,
    "fields": {
        "external_id": null,
        "changed": "2016-05-03T14:52:33.413Z",
        "score_draft": null,
        "score_reencoded": null,
        "score_final": null,
        "justification_draft": null,
        "justification_reencoded": null,
        "justification_final": null,
        "encoding_status": null,
        "session_exam": 29,
        "learning_unit_enrollment": 60
    }
},
{
    "model": "base.examenrollment",
    "pk": 164,
    "fields": {
        "external_id": null,
        "changed": "2016-05-03T14:52:33.413Z",
        "score_draft": null,
        "score_reencoded": null,
        "score_final": null,
        "justification_draft": null,
        "justification_reencoded": null,
        "justification_final": null,
        "encoding_status": null,
        "session_exam": 30,
        "learning_unit_enrollment": 60
    }
},
{
    "model": "base.examenrollment",
    "pk": 165,
    "fields": {
        "external_id": null,
        "changed": "2016-05-03T14:52:33.413Z",
        "score_draft": null,
        "score_reencoded": null,
        "score_final": null,
        "justification_draft": null,
        "justification_reencoded": null,
        "justification_final": null,
        "encoding_status": null,
        "session_exam": 31,
        "learning_unit_enrollment": 60
    }
},
{
    "model": "base.examenrollment",
    "pk": 166,
    "fields": {
        "external_id": null,
        "changed": "2016-05-03T14:50:51.694Z",
        "score_draft": null,
        "score_reencoded": null,
        "score_final": null,
        "justification_draft": null,
        "justification_reencoded": null,
        "justification_final": null,
        "encoding_status": null,
        "session_exam": 17,
        "learning_unit_enrollment": 61
    }
},
{
    "model": "base.examenrollment",
    "pk": 167,
    "fields": {
        "external_id": null,
        "changed": "2016-05-03T14:50:22.403Z",
        "score_draft": null,
        "score_reencoded": null,
        "score_final": null,
        "justification_draft": null,
        "justification_reencoded": null,
        "justification_final": null,
        "encoding_status": null,
        "session_exam": 18,
        "learning_unit_enrollment": 61
    }
},
{
    "model": "base.examenrollment",
    "pk": 168,
    "fields": {
        "external_id": null,
        "changed": "2016-05-03T14:51:23.960Z",
        "score_draft": null,
        "score_reencoded": null,
        "score_final": null,
        "justification_draft": null,
        "justification_reencoded": null,
        "justification_final": null,
        "encoding_status": null,
        "session_exam": 19,
        "learning_unit_enrollment": 61
    }
},
{
    "model": "base.examenrollment",
    "pk": 169,
    "fields": {
        "external_id": null,
        "changed": "2016-05-03T14:52:33.413Z",
        "score_draft": null,
        "score_reencoded": null,
        "score_final": null,
        "justification_draft": null,
        "justification_reencoded": null,
        "justification_final": null,
        "encoding_status": null,
        "session_exam": 20,
        "learning_unit_enrollment": 62
    }
},
{
    "model": "base.examenrollment",
    "pk": 170,
    "fields": {
        "external_id": null,
        "changed": "2016-05-03T14:52:33.413Z",
        "score_draft": null,
        "score_reencoded": null,
        "score_final": null,
        "justification_draft": null,
        "justification_reencoded": null,
        "justification_final": null,
        "encoding_status": null,
        "session_exam": 21,
        "learning_unit_enrollment": 62
    }
},
{
    "model": "base.examenrollment",
    "pk": 171,
    "fields": {
        "external_id": null,
        "changed": "2016-05-03T14:52:33.413Z",
        "score_draft": null,
        "score_reencoded": null,
        "score_final": null,
        "justification_draft": null,
        "justification_reencoded": null,
        "justification_final": null,
        "encoding_status": null,
        "session_exam": 22,
        "learning_unit_enrollment": 62
    }
},
{
    "model": "base.examenrollment",
    "pk": 172,
    "fields": {
        "external_id": null,
        "changed": "2016-05-03T14:52:33.413Z",
        "score_draft": null,
        "score_reencoded": null,
        "score_final": null,
        "justification_draft": null,
        "justification_reencoded": null,
        "justification_final": null,
        "encoding_status": null,
        "session_exam": 23,
        "learning_unit_enrollment": 63
    }
},
{
    "model": "base.examenrollment",
    "pk": 173,
    "fields": {
        "external_id": null,
        "changed": "2016-05-03T14:52:33.413Z",
        "score_draft": null,
        "score_reencoded": null,
        "score_final": null,
        "justification_draft": null,
        "justification_reencoded": null,
        "justification_final": null,
        "encoding_status": null,
        "session_exam": 24,
        "learning_unit_enrollment": 63
    }
},
{
    "model": "base.examenrollment",
    "pk": 174,
    "fields": {
        "external_id": null,
        "changed": "2016-05-03T14:52:33.413Z",
        "score_draft": null,
        "score_reencoded": null,
        "score_final": null,
        "justification_draft": null,
        "justification_reencoded": null,
        "justification_final": null,
        "encoding_status": null,
        "session_exam": 25,
        "learning_unit_enrollment": 63
    }
},
{
    "model": "base.examenrollment",
    "pk": 175,
    "fields": {
        "external_id": null,
        "changed": "2016-05-03T14:52:33.413Z",
        "score_draft": null,
        "score_reencoded": null,
        "score_final": null,
        "justification_draft": null,
        "justification_reencoded": null,
        "justification_final": null,
        "encoding_status": null,
        "session_exam": 26,
        "learning_unit_enrollment": 64
    }
},
{
    "model": "base.examenrollment",
    "pk": 176,
    "fields": {
        "external_id": null,
        "changed": "2016-05-03T14:52:33.413Z",
        "score_draft": null,
        "score_reencoded": null,
        "score_final": null,
        "justification_draft": null,
        "justification_reencoded": null,
        "justification_final": null,
        "encoding_status": null,
        "session_exam": 27,
        "learning_unit_enrollment": 64
    }
},
{
    "model": "base.examenrollment",
    "pk": 177,
    "fields": {
        "external_id": null,
        "changed": "2016-05-03T14:52:33.413Z",
        "score_draft": null,
        "score_reencoded": null,
        "score_final": null,
        "justification_draft": null,
        "justification_reencoded": null,
        "justification_final": null,
        "encoding_status": null,
        "session_exam": 28,
        "learning_unit_enrollment": 64
    }
},
{
    "model": "base.examenrollment",
    "pk": 178,
    "fields": {
        "external_id": null,
        "changed": "2016-05-03T14:52:33.413Z",
        "score_draft": null,
        "score_reencoded": null,
        "score_final": null,
        "justification_draft": null,
        "justification_reencoded": null,
        "justification_final": null,
        "encoding_status": null,
        "session_exam": 29,
        "learning_unit_enrollment": 65
    }
},
{
    "model": "base.examenrollment",
    "pk": 179,
    "fields": {
        "external_id": null,
        "changed": "2016-05-03T14:52:33.413Z",
        "score_draft": null,
        "score_reencoded": null,
        "score_final": null,
        "justification_draft": null,
        "justification_reencoded": null,
        "justification_final": null,
        "encoding_status": null,
        "session_exam": 30,
        "learning_unit_enrollment": 65
    }
},
{
    "model": "base.examenrollment",
    "pk": 180,
    "fields": {
        "external_id": null,
        "changed": "2016-05-03T14:52:33.413Z",
        "score_draft": null,
        "score_reencoded": null,
        "score_final": null,
        "justification_draft": null,
        "justification_reencoded": null,
        "justification_final": null,
        "encoding_status": null,
        "session_exam": 31,
        "learning_unit_enrollment": 65
    }
},
{
    "model": "base.examenrollment",
    "pk": 181,
    "fields": {
        "external_id": null,
        "changed": "2016-05-03T14:50:51.694Z",
        "score_draft": null,
        "score_reencoded": null,
        "score_final": null,
        "justification_draft": null,
        "justification_reencoded": null,
        "justification_final": null,
        "encoding_status": null,
        "session_exam": 17,
        "learning_unit_enrollment": 66
    }
},
{
    "model": "base.examenrollment",
    "pk": 182,
    "fields": {
        "external_id": null,
        "changed": "2016-05-03T14:50:22.403Z",
        "score_draft": null,
        "score_reencoded": null,
        "score_final": null,
        "justification_draft": null,
        "justification_reencoded": null,
        "justification_final": null,
        "encoding_status": null,
        "session_exam": 18,
        "learning_unit_enrollment": 66
    }
},
{
    "model": "base.examenrollment",
    "pk": 183,
    "fields": {
        "external_id": null,
        "changed": "2016-05-03T14:51:23.960Z",
        "score_draft": null,
        "score_reencoded": null,
        "score_final": null,
        "justification_draft": null,
        "justification_reencoded": null,
        "justification_final": null,
        "encoding_status": null,
        "session_exam": 19,
        "learning_unit_enrollment": 66
    }
},
{
    "model": "base.examenrollment",
    "pk": 184,
    "fields": {
        "external_id": null,
        "changed": "2016-05-03T14:52:33.413Z",
        "score_draft": null,
        "score_reencoded": null,
        "score_final": null,
        "justification_draft": null,
        "justification_reencoded": null,
        "justification_final": null,
        "encoding_status": null,
        "session_exam": 20,
        "learning_unit_enrollment": 67
    }
},
{
    "model": "base.examenrollment",
    "pk": 185,
    "fields": {
        "external_id": null,
        "changed": "2016-05-03T14:52:33.413Z",
        "score_draft": null,
        "score_reencoded": null,
        "score_final": null,
        "justification_draft": null,
        "justification_reencoded": null,
        "justification_final": null,
        "encoding_status": null,
        "session_exam": 21,
        "learning_unit_enrollment": 67
    }
},
{
    "model": "base.examenrollment",
    "pk": 186,
    "fields": {
        "external_id": null,
        "changed": "2016-05-03T14:52:33.413Z",
        "score_draft": null,
        "score_reencoded": null,
        "score_final": null,
        "justification_draft": null,
        "justification_reencoded": null,
        "justification_final": null,
        "encoding_status": null,
        "session_exam": 22,
        "learning_unit_enrollment": 67
    }
},
{
    "model": "base.examenrollment",
    "pk": 187,
    "fields": {
        "external_id": null,
        "changed": "2016-05-03T14:52:33.413Z",
        "score_draft": null,
        "score_reencoded": null,
        "score_final": null,
        "justification_draft": null,
        "justification_reencoded": null,
        "justification_final": null,
        "encoding_status": null,
        "session_exam": 23,
        "learning_unit_enrollment": 68
    }
},
{
    "model": "base.examenrollment",
    "pk": 188,
    "fields": {
        "external_id": null,
        "changed": "2016-05-03T14:52:33.413Z",
        "score_draft": null,
        "score_reencoded": null,
        "score_final": null,
        "justification_draft": null,
        "justification_reencoded": null,
        "justification_final": null,
        "encoding_status": null,
        "session_exam": 24,
        "learning_unit_enrollment": 68
    }
},
{
    "model": "base.examenrollment",
    "pk": 189,
    "fields": {
        "external_id": null,
        "changed": "2016-05-03T14:52:33.413Z",
        "score_draft": null,
        "score_reencoded": null,
        "score_final": null,
        "justification_draft": null,
        "justification_reencoded": null,
        "justification_final": null,
        "encoding_status": null,
        "session_exam": 25,
        "learning_unit_enrollment": 68
    }
},
{
    "model": "base.examenrollment",
    "pk": 190,
    "fields": {
        "external_id": null,
        "changed": "2016-05-03T14:52:33.413Z",
        "score_draft": null,
        "score_reencoded": null,
        "score_final": null,
        "justification_draft": null,
        "justification_reencoded": null,
        "justification_final": null,
        "encoding_status": null,
        "session_exam": 26,
        "learning_unit_enrollment": 69
    }
},
{
    "model": "base.examenrollment",
    "pk": 191,
    "fields": {
        "external_id": null,
        "changed": "2016-05-03T14:52:33.413Z",
        "score_draft": null,
        "score_reencoded": null,
        "score_final": null,
        "justification_draft": null,
        "justification_reencoded": null,
        "justification_final": null,
        "encoding_status": null,
        "session_exam": 27,
        "learning_unit_enrollment": 69
    }
},
{
    "model": "base.examenrollment",
    "pk": 192,
    "fields": {
        "external_id": null,
        "changed": "2016-05-03T14:52:33.413Z",
        "score_draft": null,
        "score_reencoded": null,
        "score_final": null,
        "justification_draft": null,
        "justification_reencoded": null,
        "justification_final": null,
        "encoding_status": null,
        "session_exam": 28,
        "learning_unit_enrollment": 69
    }
},
{
    "model": "base.examenrollment",
    "pk": 193,
    "fields": {
        "external_id": null,
        "changed": "2016-05-03T14:52:33.413Z",
        "score_draft": null,
        "score_reencoded": null,
        "score_final": null,
        "justification_draft": null,
        "justification_reencoded": null,
        "justification_final": null,
        "encoding_status": null,
        "session_exam": 29,
        "learning_unit_enrollment": 70
    }
},
{
    "model": "base.examenrollment",
    "pk": 194,
    "fields": {
        "external_id": null,
        "changed": "2016-05-03T14:52:33.413Z",
        "score_draft": null,
        "score_reencoded": null,
        "score_final": null,
        "justification_draft": null,
        "justification_reencoded": null,
        "justification_final": null,
        "encoding_status": null,
        "session_exam": 30,
        "learning_unit_enrollment": 70
    }
},
{
    "model": "base.examenrollment",
    "pk": 195,
    "fields": {
        "external_id": null,
        "changed": "2016-05-03T14:52:33.413Z",
        "score_draft": null,
        "score_reencoded": null,
        "score_final": null,
        "justification_draft": null,
        "justification_reencoded": null,
        "justification_final": null,
        "encoding_status": null,
        "session_exam": 31,
        "learning_unit_enrollment": 70
    }
},
{
    "model": "base.examenrollment",
    "pk": 196,
    "fields": {
        "external_id": null,
        "changed": "2016-05-03T14:52:33.413Z",
        "score_draft": null,
        "score_reencoded": null,
        "score_final": null,
        "justification_draft": null,
        "justification_reencoded": null,
        "justification_final": null,
        "encoding_status": null,
        "session_exam": 29,
        "learning_unit_enrollment": 71
    }
},
{
    "model": "base.examenrollment",
    "pk": 197,
    "fields": {
        "external_id": null,
        "changed": "2016-05-03T14:52:33.413Z",
        "score_draft": null,
        "score_reencoded": null,
        "score_final": null,
        "justification_draft": null,
        "justification_reencoded": null,
        "justification_final": null,
        "encoding_status": null,
        "session_exam": 30,
        "learning_unit_enrollment": 71
    }
},
{
    "model": "base.examenrollment",
    "pk": 198,
    "fields": {
        "external_id": null,
        "changed": "2016-05-03T14:52:33.413Z",
        "score_draft": null,
        "score_reencoded": null,
        "score_final": null,
        "justification_draft": null,
        "justification_reencoded": null,
        "justification_final": null,
        "encoding_status": null,
        "session_exam": 31,
        "learning_unit_enrollment": 71
    }
},
{
    "model": "base.examenrollment",
    "pk": 199,
    "fields": {
        "external_id": null,
        "changed": "2016-05-03T14:50:51.694Z",
        "score_draft": null,
        "score_reencoded": null,
        "score_final": null,
        "justification_draft": null,
        "justification_reencoded": null,
        "justification_final": null,
        "encoding_status": null,
        "session_exam": 17,
        "learning_unit_enrollment": 72
    }
},
{
    "model": "base.examenrollment",
    "pk": 200,
    "fields": {
        "external_id": null,
        "changed": "2016-05-03T14:50:22.403Z",
        "score_draft": null,
        "score_reencoded": null,
        "score_final": null,
        "justification_draft": null,
        "justification_reencoded": null,
        "justification_final": null,
        "encoding_status": null,
        "session_exam": 18,
        "learning_unit_enrollment": 72
    }
},
{
    "model": "base.examenrollment",
    "pk": 201,
    "fields": {
        "external_id": null,
        "changed": "2016-05-03T14:51:23.960Z",
        "score_draft": null,
        "score_reencoded": null,
        "score_final": null,
        "justification_draft": null,
        "justification_reencoded": null,
        "justification_final": null,
        "encoding_status": null,
        "session_exam": 19,
        "learning_unit_enrollment": 72
    }
},
{
    "model": "base.examenrollment",
    "pk": 202,
    "fields": {
        "external_id": null,
        "changed": "2016-05-03T14:52:33.413Z",
        "score_draft": null,
        "score_reencoded": null,
        "score_final": null,
        "justification_draft": null,
        "justification_reencoded": null,
        "justification_final": null,
        "encoding_status": null,
        "session_exam": 20,
        "learning_unit_enrollment": 73
    }
},
{
    "model": "base.examenrollment",
    "pk": 203,
    "fields": {
        "external_id": null,
        "changed": "2016-05-03T14:52:33.413Z",
        "score_draft": null,
        "score_reencoded": null,
        "score_final": null,
        "justification_draft": null,
        "justification_reencoded": null,
        "justification_final": null,
        "encoding_status": null,
        "session_exam": 21,
        "learning_unit_enrollment": 73
    }
},
{
    "model": "base.examenrollment",
    "pk": 204,
    "fields": {
        "external_id": null,
        "changed": "2016-05-03T14:52:33.413Z",
        "score_draft": null,
        "score_reencoded": null,
        "score_final": null,
        "justification_draft": null,
        "justification_reencoded": null,
        "justification_final": null,
        "encoding_status": null,
        "session_exam": 22,
        "learning_unit_enrollment": 73
    }
},
{
    "model": "base.examenrollment",
    "pk": 205,
    "fields": {
        "external_id": null,
        "changed": "2016-05-03T14:52:33.413Z",
        "score_draft": null,
        "score_reencoded": null,
        "score_final": null,
        "justification_draft": null,
        "justification_reencoded": null,
        "justification_final": null,
        "encoding_status": null,
        "session_exam": 23,
        "learning_unit_enrollment": 74
    }
},
{
    "model": "base.examenrollment",
    "pk": 206,
    "fields": {
        "external_id": null,
        "changed": "2016-05-03T14:52:33.413Z",
        "score_draft": null,
        "score_reencoded": null,
        "score_final": null,
        "justification_draft": null,
        "justification_reencoded": null,
        "justification_final": null,
        "encoding_status": null,
        "session_exam": 24,
        "learning_unit_enrollment": 74
    }
},
{
    "model": "base.examenrollment",
    "pk": 207,
    "fields": {
        "external_id": null,
        "changed": "2016-05-03T14:52:33.413Z",
        "score_draft": null,
        "score_reencoded": null,
        "score_final": null,
        "justification_draft": null,
        "justification_reencoded": null,
        "justification_final": null,
        "encoding_status": null,
        "session_exam": 25,
        "learning_unit_enrollment": 74
    }
},
{
    "model": "base.examenrollment",
    "pk": 208,
    "fields": {
        "external_id": null,
        "changed": "2016-05-03T14:52:33.413Z",
        "score_draft": null,
        "score_reencoded": null,
        "score_final": null,
        "justification_draft": null,
        "justification_reencoded": null,
        "justification_final": null,
        "encoding_status": null,
        "session_exam": 26,
        "learning_unit_enrollment": 75
    }
},
{
    "model": "base.examenrollment",
    "pk": 209,
    "fields": {
        "external_id": null,
        "changed": "2016-05-03T14:52:33.413Z",
        "score_draft": null,
        "score_reencoded": null,
        "score_final": null,
        "justification_draft": null,
        "justification_reencoded": null,
        "justification_final": null,
        "encoding_status": null,
        "session_exam": 27,
        "learning_unit_enrollment": 75
    }
},
{
    "model": "base.examenrollment",
    "pk": 210,
    "fields": {
        "external_id": null,
        "changed": "2016-05-03T14:52:33.413Z",
        "score_draft": null,
        "score_reencoded": null,
        "score_final": null,
        "justification_draft": null,
        "justification_reencoded": null,
        "justification_final": null,
        "encoding_status": null,
        "session_exam": 28,
        "learning_unit_enrollment": 75
    }
},
{
    "model": "base.examenrollment",
    "pk": 211,
    "fields": {
        "external_id": null,
        "changed": "2016-05-03T14:52:33.413Z",
        "score_draft": null,
        "score_reencoded": null,
        "score_final": null,
        "justification_draft": null,
        "justification_reencoded": null,
        "justification_final": null,
        "encoding_status": null,
        "session_exam": 29,
        "learning_unit_enrollment": 76
    }
},
{
    "model": "base.examenrollment",
    "pk": 212,
    "fields": {
        "external_id": null,
        "changed": "2016-05-03T14:52:33.413Z",
        "score_draft": null,
        "score_reencoded": null,
        "score_final": null,
        "justification_draft": null,
        "justification_reencoded": null,
        "justification_final": null,
        "encoding_status": null,
        "session_exam": 30,
        "learning_unit_enrollment": 76
    }
},
{
    "model": "base.examenrollment",
    "pk": 213,
    "fields": {
        "external_id": null,
        "changed": "2016-05-03T14:52:33.413Z",
        "score_draft": null,
        "score_reencoded": null,
        "score_final": null,
        "justification_draft": null,
        "justification_reencoded": null,
        "justification_final": null,
        "encoding_status": null,
        "session_exam": 31,
        "learning_unit_enrollment": 76
    }
},
{
    "model": "base.examenrollment",
    "pk": 214,
    "fields": {
        "external_id": null,
        "changed": "2016-05-03T14:50:51.694Z",
        "score_draft": null,
        "score_reencoded": null,
        "score_final": null,
        "justification_draft": null,
        "justification_reencoded": null,
        "justification_final": null,
        "encoding_status": null,
        "session_exam": 17,
        "learning_unit_enrollment": 77
    }
},
{
    "model": "base.examenrollment",
    "pk": 215,
    "fields": {
        "external_id": null,
        "changed": "2016-05-03T14:50:22.403Z",
        "score_draft": null,
        "score_reencoded": null,
        "score_final": null,
        "justification_draft": null,
        "justification_reencoded": null,
        "justification_final": null,
        "encoding_status": null,
        "session_exam": 18,
        "learning_unit_enrollment": 77
    }
},
{
    "model": "base.examenrollment",
    "pk": 216,
    "fields": {
        "external_id": null,
        "changed": "2016-05-03T14:51:23.960Z",
        "score_draft": null,
        "score_reencoded": null,
        "score_final": null,
        "justification_draft": null,
        "justification_reencoded": null,
        "justification_final": null,
        "encoding_status": null,
        "session_exam": 19,
        "learning_unit_enrollment": 77
    }
},
{
    "model": "base.examenrollment",
    "pk": 217,
    "fields": {
        "external_id": null,
        "changed": "2016-05-03T14:52:33.413Z",
        "score_draft": null,
        "score_reencoded": null,
        "score_final": null,
        "justification_draft": null,
        "justification_reencoded": null,
        "justification_final": null,
        "encoding_status": null,
        "session_exam": 20,
        "learning_unit_enrollment": 67
    }
},
{
    "model": "base.examenrollment",
    "pk": 218,
    "fields": {
        "external_id": null,
        "changed": "2016-05-03T14:52:33.413Z",
        "score_draft": null,
        "score_reencoded": null,
        "score_final": null,
        "justification_draft": null,
        "justification_reencoded": null,
        "justification_final": null,
        "encoding_status": null,
        "session_exam": 21,
        "learning_unit_enrollment": 67
    }
},
{
    "model": "base.examenrollment",
    "pk": 219,
    "fields": {
        "external_id": null,
        "changed": "2016-05-03T14:52:33.413Z",
        "score_draft": null,
        "score_reencoded": null,
        "score_final": null,
        "justification_draft": null,
        "justification_reencoded": null,
        "justification_final": null,
        "encoding_status": null,
        "session_exam": 22,
        "learning_unit_enrollment": 67
    }
},
{
    "model": "base.examenrollment",
    "pk": 220,
    "fields": {
        "external_id": null,
        "changed": "2016-05-03T14:52:33.413Z",
        "score_draft": null,
        "score_reencoded": null,
        "score_final": null,
        "justification_draft": null,
        "justification_reencoded": null,
        "justification_final": null,
        "encoding_status": null,
        "session_exam": 23,
        "learning_unit_enrollment": 79
    }
},
{
    "model": "base.examenrollment",
    "pk": 221,
    "fields": {
        "external_id": null,
        "changed": "2016-05-03T14:52:33.413Z",
        "score_draft": null,
        "score_reencoded": null,
        "score_final": null,
        "justification_draft": null,
        "justification_reencoded": null,
        "justification_final": null,
        "encoding_status": null,
        "session_exam": 24,
        "learning_unit_enrollment": 79
    }
},
{
    "model": "base.examenrollment",
    "pk": 222,
    "fields": {
        "external_id": null,
        "changed": "2016-05-03T14:52:33.413Z",
        "score_draft": null,
        "score_reencoded": null,
        "score_final": null,
        "justification_draft": null,
        "justification_reencoded": null,
        "justification_final": null,
        "encoding_status": null,
        "session_exam": 25,
        "learning_unit_enrollment": 79
    }
},
{
    "model": "base.learningunit",
    "pk": 1,
    "fields": {
        "external_id": "",
        "changed": "2016-04-27T12:01:02.796Z",
        "acronym": "LULBG2454",
        "title": "Spectroscopie atmosph\u00e9rique et t\u00e9l\u00e9d\u00e9tection spatiale (ULB)",
        "description": null,
        "start_year": 2009,
        "end_year": 2099
    }
},
{
    "model": "base.learningunit",
    "pk": 2,
    "fields": {
        "external_id": "",
        "changed": "2016-04-27T12:01:02.796Z",
        "acronym": "LMEM2110",
        "title": "Recent Continental Philosophy",
        "description": null,
        "start_year": 2008,
        "end_year": 2099
    }
},
{
    "model": "base.learningunit",
    "pk": 3,
    "fields": {
        "external_id": "osis.learning_unit_119116_2015",
        "changed": "2016-04-27T12:01:02.796Z",
        "acronym": "LELTR7911",
        "title": "Traduccion espanol-franc\u00e9s (105620) (6)",
        "description": null,
        "start_year": 2009,
        "end_year": 2099
    }
},
{
    "model": "base.learningunit",
    "pk": 4,
    "fields": {
        "external_id": "osis.learning_unit_116814_2015",
        "changed": "2016-04-27T12:01:02.796Z",
        "acronym": "LPSPG1021",
        "title": "S\u00e9minaire approfondi: Questions approfondies de psychologie de la personnalit\u00e9",
        "description": null,
        "start_year": 2009,
        "end_year": 2099
    }
},
{
    "model": "base.learningunit",
    "pk": 5,
    "fields": {
        "external_id": "osis.learning_unit_203764_2015",
        "changed": "2016-04-27T12:01:02.796Z",
        "acronym": "LSINF1211",
        "title": "Introduction aux syst\u00e8mes d'information",
        "description": null,
        "start_year": 2012,
        "end_year": 2099
    }
},
{
    "model": "base.learningunit",
    "pk": 6,
    "fields": {
        "external_id": "osis.learning_unit_116348_2015",
        "changed": "2016-04-27T12:01:02.796Z",
        "acronym": "LBIR1320B",
        "title": "S\u00e9minaires de chimie analytique",
        "description": null,
        "start_year": 2009,
        "end_year": 2099
    }
},
{
    "model": "base.learningunit",
    "pk": 7,
    "fields": {
        "external_id": "osis.learning_unit_416502_2015",
        "changed": "2016-04-27T12:01:02.796Z",
        "acronym": "LBIR2000A",
        "title": "Stage en Master: partim A",
        "description": null,
        "start_year": 2014,
        "end_year": 2099
    }
},
{
    "model": "base.learningunit",
    "pk": 8,
    "fields": {
        "external_id": "osis.learning_unit_194632_2015",
        "changed": "2016-04-27T12:01:02.796Z",
        "acronym": "LDUAL4367",
        "title": "Ontwerp van constructiecomponenten: beton, deel 2 (Katholieke Universiteit te Leuven)\r",
        "description": null,
        "start_year": 2010,
        "end_year": 2099
    }
},
{
    "model": "base.learningunit",
    "pk": 9,
    "fields": {
        "external_id": "osis.learning_unit_206968_2015",
        "changed": "2016-04-27T12:01:02.796Z",
        "acronym": "XUPMA1104",
        "title": "Estudios de mercado y gesti\u00f3n de calidad en la industria alimentaria",
        "description": null,
        "start_year": 2011,
        "end_year": 2099
    }
},
{
    "model": "base.learningunit",
    "pk": 10,
    "fields": {
        "external_id": "osis.learning_unit_194034_2015",
        "changed": "2016-04-27T12:01:02.796Z",
        "acronym": "LDUAL4355",
        "title": "Elektrische actuatoren: gevorderde aspecten en toepassingen m.i.v. transport (Katholieke Universiteit te Leuven)\r",
        "description": null,
        "start_year": 2010,
        "end_year": 2099
    }
},
{
    "model": "base.learningunitenrollment",
    "pk": 1,
    "fields": {
        "external_id": null,
        "changed": "2016-05-03T13:47:49.564Z",
        "date_enrollment": "2016-05-03",
        "learning_unit_year": 1,
        "offer_enrollment": 1
    }
},
{
    "model": "base.learningunitenrollment",
    "pk": 2,
    "fields": {
        "external_id": null,
        "changed": "2016-05-03T13:47:49.564Z",
        "date_enrollment": "2016-05-03",
        "learning_unit_year": 2,
        "offer_enrollment": 1
    }
},
{
    "model": "base.learningunitenrollment",
    "pk": 3,
    "fields": {
        "external_id": null,
        "changed": "2016-05-03T13:47:49.564Z",
        "date_enrollment": "2016-05-03",
        "learning_unit_year": 3,
        "offer_enrollment": 1
    }
},
{
    "model": "base.learningunitenrollment",
    "pk": 4,
    "fields": {
        "external_id": null,
        "changed": "2016-05-03T13:47:49.564Z",
        "date_enrollment": "2016-05-03",
        "learning_unit_year": 4,
        "offer_enrollment": 1
    }
},
{
    "model": "base.learningunitenrollment",
    "pk": 5,
    "fields": {
        "external_id": null,
        "changed": "2016-05-03T13:47:49.564Z",
        "date_enrollment": "2016-05-03",
        "learning_unit_year": 5,
        "offer_enrollment": 1
    }
},
{
    "model": "base.learningunitenrollment",
    "pk": 6,
    "fields": {
        "external_id": null,
        "changed": "2016-05-03T13:47:49.564Z",
        "date_enrollment": "2016-05-03",
        "learning_unit_year": 1,
        "offer_enrollment": 2
    }
},
{
    "model": "base.learningunitenrollment",
    "pk": 7,
    "fields": {
        "external_id": null,
        "changed": "2016-05-03T13:47:49.564Z",
        "date_enrollment": "2016-05-03",
        "learning_unit_year": 2,
        "offer_enrollment": 2
    }
},
{
    "model": "base.learningunitenrollment",
    "pk": 8,
    "fields": {
        "external_id": null,
        "changed": "2016-05-03T13:47:49.564Z",
        "date_enrollment": "2016-05-03",
        "learning_unit_year": 3,
        "offer_enrollment": 2
    }
},
{
    "model": "base.learningunitenrollment",
    "pk": 9,
    "fields": {
        "external_id": null,
        "changed": "2016-05-03T13:47:49.564Z",
        "date_enrollment": "2016-05-03",
        "learning_unit_year": 4,
        "offer_enrollment": 2
    }
},
{
    "model": "base.learningunitenrollment",
    "pk": 10,
    "fields": {
        "external_id": null,
        "changed": "2016-05-03T13:47:49.564Z",
        "date_enrollment": "2016-05-03",
        "learning_unit_year": 5,
        "offer_enrollment": 2
    }
},
{
    "model": "base.learningunitenrollment",
    "pk": 11,
    "fields": {
        "external_id": null,
        "changed": "2016-05-03T13:47:49.564Z",
        "date_enrollment": "2016-05-03",
        "learning_unit_year": 1,
        "offer_enrollment": 3
    }
},
{
    "model": "base.learningunitenrollment",
    "pk": 12,
    "fields": {
        "external_id": null,
        "changed": "2016-05-03T13:47:49.564Z",
        "date_enrollment": "2016-05-03",
        "learning_unit_year": 2,
        "offer_enrollment": 3
    }
},
{
    "model": "base.learningunitenrollment",
    "pk": 13,
    "fields": {
        "external_id": null,
        "changed": "2016-05-03T13:47:49.564Z",
        "date_enrollment": "2016-05-03",
        "learning_unit_year": 3,
        "offer_enrollment": 3
    }
},
{
    "model": "base.learningunitenrollment",
    "pk": 14,
    "fields": {
        "external_id": null,
        "changed": "2016-05-03T13:47:49.564Z",
        "date_enrollment": "2016-05-03",
        "learning_unit_year": 4,
        "offer_enrollment": 3
    }
},
{
    "model": "base.learningunitenrollment",
    "pk": 15,
    "fields": {
        "external_id": null,
        "changed": "2016-05-03T13:47:49.564Z",
        "date_enrollment": "2016-05-03",
        "learning_unit_year": 5,
        "offer_enrollment": 3
    }
},
{
    "model": "base.learningunitenrollment",
    "pk": 16,
    "fields": {
        "external_id": null,
        "changed": "2016-05-03T13:47:49.564Z",
        "date_enrollment": "2016-05-03",
        "learning_unit_year": 1,
        "offer_enrollment": 4
    }
},
{
    "model": "base.learningunitenrollment",
    "pk": 17,
    "fields": {
        "external_id": null,
        "changed": "2016-05-03T13:47:49.564Z",
        "date_enrollment": "2016-05-03",
        "learning_unit_year": 2,
        "offer_enrollment": 4
    }
},
{
    "model": "base.learningunitenrollment",
    "pk": 18,
    "fields": {
        "external_id": null,
        "changed": "2016-05-03T13:47:49.564Z",
        "date_enrollment": "2016-05-03",
        "learning_unit_year": 3,
        "offer_enrollment": 4
    }
},
{
    "model": "base.learningunitenrollment",
    "pk": 19,
    "fields": {
        "external_id": null,
        "changed": "2016-05-03T13:47:49.564Z",
        "date_enrollment": "2016-05-03",
        "learning_unit_year": 4,
        "offer_enrollment": 4
    }
},
{
    "model": "base.learningunitenrollment",
    "pk": 20,
    "fields": {
        "external_id": null,
        "changed": "2016-05-03T13:47:49.564Z",
        "date_enrollment": "2016-05-03",
        "learning_unit_year": 5,
        "offer_enrollment": 4
    }
},
{
    "model": "base.learningunitenrollment",
    "pk": 21,
    "fields": {
        "external_id": null,
        "changed": "2016-05-03T13:47:49.564Z",
        "date_enrollment": "2016-05-03",
        "learning_unit_year": 1,
        "offer_enrollment": 5
    }
},
{
    "model": "base.learningunitenrollment",
    "pk": 22,
    "fields": {
        "external_id": null,
        "changed": "2016-05-03T13:47:49.564Z",
        "date_enrollment": "2016-05-03",
        "learning_unit_year": 2,
        "offer_enrollment": 5
    }
},
{
    "model": "base.learningunitenrollment",
    "pk": 23,
    "fields": {
        "external_id": null,
        "changed": "2016-05-03T13:47:49.564Z",
        "date_enrollment": "2016-05-03",
        "learning_unit_year": 3,
        "offer_enrollment": 5
    }
},
{
    "model": "base.learningunitenrollment",
    "pk": 24,
    "fields": {
        "external_id": null,
        "changed": "2016-05-03T13:47:49.564Z",
        "date_enrollment": "2016-05-03",
        "learning_unit_year": 4,
        "offer_enrollment": 5
    }
},
{
    "model": "base.learningunitenrollment",
    "pk": 25,
    "fields": {
        "external_id": null,
        "changed": "2016-05-03T13:47:49.564Z",
        "date_enrollment": "2016-05-03",
        "learning_unit_year": 5,
        "offer_enrollment": 5
    }
},
{
    "model": "base.learningunitenrollment",
    "pk": 31,
    "fields": {
        "external_id": null,
        "changed": "2016-05-03T13:47:49.564Z",
        "date_enrollment": "2016-05-03",
        "learning_unit_year": 5,
        "offer_enrollment": 6
    }
},
{
    "model": "base.learningunitenrollment",
    "pk": 32,
    "fields": {
        "external_id": null,
        "changed": "2016-05-03T13:47:49.564Z",
        "date_enrollment": "2016-05-03",
        "learning_unit_year": 1,
        "offer_enrollment": 6
    }
},
{
    "model": "base.learningunitenrollment",
    "pk": 33,
    "fields": {
        "external_id": null,
        "changed": "2016-05-03T13:47:49.564Z",
        "date_enrollment": "2016-05-03",
        "learning_unit_year": 2,
        "offer_enrollment": 6
    }
},
{
    "model": "base.learningunitenrollment",
    "pk": 34,
    "fields": {
        "external_id": null,
        "changed": "2016-05-03T13:47:49.564Z",
        "date_enrollment": "2016-05-03",
        "learning_unit_year": 3,
        "offer_enrollment": 6
    }
},
{
    "model": "base.learningunitenrollment",
    "pk": 35,
    "fields": {
        "external_id": null,
        "changed": "2016-05-03T13:47:49.564Z",
        "date_enrollment": "2016-05-03",
        "learning_unit_year": 4,
        "offer_enrollment": 6
    }
},
{
    "model": "base.learningunitenrollment",
    "pk": 36,
    "fields": {
        "external_id": null,
        "changed": "2016-05-03T13:47:49.564Z",
        "date_enrollment": "2016-05-03",
        "learning_unit_year": 1,
        "offer_enrollment": 7
    }
},
{
    "model": "base.learningunitenrollment",
    "pk": 37,
    "fields": {
        "external_id": null,
        "changed": "2016-05-03T13:47:49.564Z",
        "date_enrollment": "2016-05-03",
        "learning_unit_year": 2,
        "offer_enrollment": 7
    }
},
{
    "model": "base.learningunitenrollment",
    "pk": 38,
    "fields": {
        "external_id": null,
        "changed": "2016-05-03T13:47:49.564Z",
        "date_enrollment": "2016-05-03",
        "learning_unit_year": 3,
        "offer_enrollment": 7
    }
},
{
    "model": "base.learningunitenrollment",
    "pk": 39,
    "fields": {
        "external_id": null,
        "changed": "2016-05-03T13:47:49.564Z",
        "date_enrollment": "2016-05-03",
        "learning_unit_year": 4,
        "offer_enrollment": 7
    }
},
{
    "model": "base.learningunitenrollment",
    "pk": 40,
    "fields": {
        "external_id": null,
        "changed": "2016-05-03T13:47:49.564Z",
        "date_enrollment": "2016-05-03",
        "learning_unit_year": 5,
        "offer_enrollment": 7
    }
},
{
    "model": "base.learningunitenrollment",
    "pk": 41,
    "fields": {
        "external_id": null,
        "changed": "2016-05-03T13:47:49.564Z",
        "date_enrollment": "2016-05-03",
        "learning_unit_year": 1,
        "offer_enrollment": 8
    }
},
{
    "model": "base.learningunitenrollment",
    "pk": 42,
    "fields": {
        "external_id": null,
        "changed": "2016-05-03T13:47:49.564Z",
        "date_enrollment": "2016-05-03",
        "learning_unit_year": 2,
        "offer_enrollment": 8
    }
},
{
    "model": "base.learningunitenrollment",
    "pk": 43,
    "fields": {
        "external_id": null,
        "changed": "2016-05-03T13:47:49.564Z",
        "date_enrollment": "2016-05-03",
        "learning_unit_year": 3,
        "offer_enrollment": 8
    }
},
{
    "model": "base.learningunitenrollment",
    "pk": 44,
    "fields": {
        "external_id": null,
        "changed": "2016-05-03T13:47:49.564Z",
        "date_enrollment": "2016-05-03",
        "learning_unit_year": 4,
        "offer_enrollment": 8
    }
},
{
    "model": "base.learningunitenrollment",
    "pk": 45,
    "fields": {
        "external_id": null,
        "changed": "2016-05-03T13:47:49.564Z",
        "date_enrollment": "2016-05-03",
        "learning_unit_year": 5,
        "offer_enrollment": 8
    }
},
{
    "model": "base.learningunitenrollment",
    "pk": 46,
    "fields": {
        "external_id": null,
        "changed": "2016-05-03T13:47:49.564Z",
        "date_enrollment": "2016-05-03",
        "learning_unit_year": 6,
        "offer_enrollment": 9
    }
},
{
    "model": "base.learningunitenrollment",
    "pk": 47,
    "fields": {
        "external_id": null,
        "changed": "2016-05-03T13:47:49.564Z",
        "date_enrollment": "2016-05-03",
        "learning_unit_year": 7,
        "offer_enrollment": 9
    }
},
{
    "model": "base.learningunitenrollment",
    "pk": 48,
    "fields": {
        "external_id": null,
        "changed": "2016-05-03T13:47:49.564Z",
        "date_enrollment": "2016-05-03",
        "learning_unit_year": 8,
        "offer_enrollment": 9
    }
},
{
    "model": "base.learningunitenrollment",
    "pk": 49,
    "fields": {
        "external_id": null,
        "changed": "2016-05-03T13:47:49.564Z",
        "date_enrollment": "2016-05-03",
        "learning_unit_year": 9,
        "offer_enrollment": 9
    }
},
{
    "model": "base.learningunitenrollment",
    "pk": 50,
    "fields": {
        "external_id": null,
        "changed": "2016-05-03T13:47:49.564Z",
        "date_enrollment": "2016-05-03",
        "learning_unit_year": 10,
        "offer_enrollment": 9
    }
},
{
    "model": "base.learningunitenrollment",
    "pk": 51,
    "fields": {
        "external_id": null,
        "changed": "2016-05-03T13:47:49.564Z",
        "date_enrollment": "2016-05-03",
        "learning_unit_year": 6,
        "offer_enrollment": 10
    }
},
{
    "model": "base.learningunitenrollment",
    "pk": 52,
    "fields": {
        "external_id": null,
        "changed": "2016-05-03T13:47:49.564Z",
        "date_enrollment": "2016-05-03",
        "learning_unit_year": 7,
        "offer_enrollment": 10
    }
},
{
    "model": "base.learningunitenrollment",
    "pk": 53,
    "fields": {
        "external_id": null,
        "changed": "2016-05-03T13:47:49.564Z",
        "date_enrollment": "2016-05-03",
        "learning_unit_year": 8,
        "offer_enrollment": 10
    }
},
{
    "model": "base.learningunitenrollment",
    "pk": 54,
    "fields": {
        "external_id": null,
        "changed": "2016-05-03T13:47:49.564Z",
        "date_enrollment": "2016-05-03",
        "learning_unit_year": 9,
        "offer_enrollment": 10
    }
},
{
    "model": "base.learningunitenrollment",
    "pk": 55,
    "fields": {
        "external_id": null,
        "changed": "2016-05-03T14:18:11.073Z",
        "date_enrollment": "2016-05-03",
        "learning_unit_year": 10,
        "offer_enrollment": 11
    }
},
{
    "model": "base.learningunitenrollment",
    "pk": 56,
    "fields": {
        "external_id": null,
        "changed": "2016-05-03T13:47:49.564Z",
        "date_enrollment": "2016-05-03",
        "learning_unit_year": 6,
        "offer_enrollment": 12
    }
},
{
    "model": "base.learningunitenrollment",
    "pk": 57,
    "fields": {
        "external_id": null,
        "changed": "2016-05-03T13:47:49.564Z",
        "date_enrollment": "2016-05-03",
        "learning_unit_year": 7,
        "offer_enrollment": 12
    }
},
{
    "model": "base.learningunitenrollment",
    "pk": 58,
    "fields": {
        "external_id": null,
        "changed": "2016-05-03T13:47:49.564Z",
        "date_enrollment": "2016-05-03",
        "learning_unit_year": 8,
        "offer_enrollment": 12
    }
},
{
    "model": "base.learningunitenrollment",
    "pk": 59,
    "fields": {
        "external_id": null,
        "changed": "2016-05-03T13:47:49.564Z",
        "date_enrollment": "2016-05-03",
        "learning_unit_year": 9,
        "offer_enrollment": 12
    }
},
{
    "model": "base.learningunitenrollment",
    "pk": 60,
    "fields": {
        "external_id": null,
        "changed": "2016-05-03T13:47:49.564Z",
        "date_enrollment": "2016-05-03",
        "learning_unit_year": 10,
        "offer_enrollment": 12
    }
},
{
    "model": "base.learningunitenrollment",
    "pk": 61,
    "fields": {
        "external_id": null,
        "changed": "2016-05-03T13:47:49.564Z",
        "date_enrollment": "2016-05-03",
        "learning_unit_year": 6,
        "offer_enrollment": 13
    }
},
{
    "model": "base.learningunitenrollment",
    "pk": 62,
    "fields": {
        "external_id": null,
        "changed": "2016-05-03T13:47:49.564Z",
        "date_enrollment": "2016-05-03",
        "learning_unit_year": 7,
        "offer_enrollment": 13
    }
},
{
    "model": "base.learningunitenrollment",
    "pk": 63,
    "fields": {
        "external_id": null,
        "changed": "2016-05-03T13:47:49.564Z",
        "date_enrollment": "2016-05-03",
        "learning_unit_year": 8,
        "offer_enrollment": 13
    }
},
{
    "model": "base.learningunitenrollment",
    "pk": 64,
    "fields": {
        "external_id": null,
        "changed": "2016-05-03T13:47:49.564Z",
        "date_enrollment": "2016-05-03",
        "learning_unit_year": 9,
        "offer_enrollment": 13
    }
},
{
    "model": "base.learningunitenrollment",
    "pk": 65,
    "fields": {
        "external_id": null,
        "changed": "2016-05-03T13:47:49.564Z",
        "date_enrollment": "2016-05-03",
        "learning_unit_year": 10,
        "offer_enrollment": 13
    }
},
{
    "model": "base.learningunitenrollment",
    "pk": 66,
    "fields": {
        "external_id": null,
        "changed": "2016-05-03T13:47:49.564Z",
        "date_enrollment": "2016-05-03",
        "learning_unit_year": 6,
        "offer_enrollment": 14
    }
},
{
    "model": "base.learningunitenrollment",
    "pk": 67,
    "fields": {
        "external_id": null,
        "changed": "2016-05-03T13:47:49.564Z",
        "date_enrollment": "2016-05-03",
        "learning_unit_year": 7,
        "offer_enrollment": 14
    }
},
{
    "model": "base.learningunitenrollment",
    "pk": 68,
    "fields": {
        "external_id": null,
        "changed": "2016-05-03T13:47:49.564Z",
        "date_enrollment": "2016-05-03",
        "learning_unit_year": 8,
        "offer_enrollment": 14
    }
},
{
    "model": "base.learningunitenrollment",
    "pk": 69,
    "fields": {
        "external_id": null,
        "changed": "2016-05-03T13:47:49.564Z",
        "date_enrollment": "2016-05-03",
        "learning_unit_year": 9,
        "offer_enrollment": 14
    }
},
{
    "model": "base.learningunitenrollment",
    "pk": 70,
    "fields": {
        "external_id": null,
        "changed": "2016-05-03T13:47:49.564Z",
        "date_enrollment": "2016-05-03",
        "learning_unit_year": 10,
        "offer_enrollment": 14
    }
},
{
    "model": "base.learningunitenrollment",
    "pk": 71,
    "fields": {
        "external_id": null,
        "changed": "2016-05-03T13:47:49.564Z",
        "date_enrollment": "2016-05-03",
        "learning_unit_year": 6,
        "offer_enrollment": 15
    }
},
{
    "model": "base.learningunitenrollment",
    "pk": 72,
    "fields": {
        "external_id": null,
        "changed": "2016-05-03T13:47:49.564Z",
        "date_enrollment": "2016-05-03",
        "learning_unit_year": 7,
        "offer_enrollment": 15
    }
},
{
    "model": "base.learningunitenrollment",
    "pk": 73,
    "fields": {
        "external_id": null,
        "changed": "2016-05-03T13:47:49.564Z",
        "date_enrollment": "2016-05-03",
        "learning_unit_year": 8,
        "offer_enrollment": 15
    }
},
{
    "model": "base.learningunitenrollment",
    "pk": 74,
    "fields": {
        "external_id": null,
        "changed": "2016-05-03T13:47:49.564Z",
        "date_enrollment": "2016-05-03",
        "learning_unit_year": 9,
        "offer_enrollment": 15
    }
},
{
    "model": "base.learningunitenrollment",
    "pk": 75,
    "fields": {
        "external_id": null,
        "changed": "2016-05-03T13:47:49.564Z",
        "date_enrollment": "2016-05-03",
        "learning_unit_year": 10,
        "offer_enrollment": 15
    }
},
{
    "model": "base.learningunitenrollment",
    "pk": 76,
    "fields": {
        "external_id": null,
        "changed": "2016-05-03T13:47:49.564Z",
        "date_enrollment": "2016-05-03",
        "learning_unit_year": 6,
        "offer_enrollment": 11
    }
},
{
    "model": "base.learningunitenrollment",
    "pk": 77,
    "fields": {
        "external_id": null,
        "changed": "2016-05-03T13:47:49.564Z",
        "date_enrollment": "2016-05-03",
        "learning_unit_year": 7,
        "offer_enrollment": 11
    }
},
{
    "model": "base.learningunitenrollment",
    "pk": 78,
    "fields": {
        "external_id": null,
        "changed": "2016-05-03T13:47:49.564Z",
        "date_enrollment": "2016-05-03",
        "learning_unit_year": 8,
        "offer_enrollment": 11
    }
},
{
    "model": "base.learningunitenrollment",
    "pk": 79,
    "fields": {
        "external_id": null,
        "changed": "2016-05-03T13:47:49.564Z",
        "date_enrollment": "2016-05-03",
        "learning_unit_year": 9,
        "offer_enrollment": 11
    }
},
{
    "model": "base.learningunityear",
    "pk": 1,
    "fields": {
        "external_id": null,
        "changed": "2016-05-03T10:41:09.702Z",
        "acronym": "LDUAL4355",
        "title": "Elektrische actuatoren: gevorderde aspecten en toepassingen m.i.v. transport (Katholieke Universiteit te Leuven)",
        "credits": "6.00",
        "decimal_scores": false,
        "academic_year": 1,
        "learning_unit": 10
    }
},
{
    "model": "base.learningunityear",
    "pk": 2,
    "fields": {
        "external_id": null,
        "changed": "2016-05-03T10:41:45.148Z",
        "acronym": "XUPMA1104",
        "title": "Estudios de mercado y gesti\u00f3n de calidad en la industria alimentaria",
        "credits": "3.00",
        "decimal_scores": false,
        "academic_year": 1,
        "learning_unit": 9
    }
},
{
    "model": "base.learningunityear",
    "pk": 3,
    "fields": {
        "external_id": null,
        "changed": "2016-05-03T10:42:11.367Z",
        "acronym": "LDUAL4367",
        "title": "Ontwerp van constructiecomponenten: beton, deel 2 (Katholieke Universiteit te Leuven)",
        "credits": "2.00",
        "decimal_scores": false,
        "academic_year": 1,
        "learning_unit": 8
    }
},
{
    "model": "base.learningunityear",
    "pk": 4,
    "fields": {
        "external_id": null,
        "changed": "2016-05-03T10:42:44.664Z",
        "acronym": "LBIR2000A",
        "title": "Stage en Master: partim A",
        "credits": "2.00",
        "decimal_scores": false,
        "academic_year": 1,
        "learning_unit": 7
    }
},
{
    "model": "base.learningunityear",
    "pk": 5,
    "fields": {
        "external_id": null,
        "changed": "2016-05-03T10:43:19.356Z",
        "acronym": "LBIR1320B",
        "title": "S\u00e9minaires de chimie analytique",
        "credits": "2.00",
        "decimal_scores": false,
        "academic_year": 1,
        "learning_unit": 6
    }
},
{
    "model": "base.learningunityear",
    "pk": 6,
    "fields": {
        "external_id": null,
        "changed": "2016-05-03T10:43:50.936Z",
        "acronym": "LSINF1211",
        "title": "Introduction aux syst\u00e8mes d'information",
        "credits": "8.00",
        "decimal_scores": true,
        "academic_year": 1,
        "learning_unit": 5
    }
},
{
    "model": "base.learningunityear",
    "pk": 7,
    "fields": {
        "external_id": null,
        "changed": "2016-05-03T10:44:13.859Z",
        "acronym": "LPSPG1021",
        "title": "S\u00e9minaire approfondi: Questions approfondies de psychologie de la personnalit\u00e9",
        "credits": "7.00",
        "decimal_scores": false,
        "academic_year": 1,
        "learning_unit": 4
    }
},
{
    "model": "base.learningunityear",
    "pk": 8,
    "fields": {
        "external_id": null,
        "changed": "2016-05-03T10:44:47.172Z",
        "acronym": "LELTR7911",
        "title": "Traduccion espanol-franc\u00e9s (105620) (6)",
        "credits": "2.00",
        "decimal_scores": false,
        "academic_year": 1,
        "learning_unit": 3
    }
},
{
    "model": "base.learningunityear",
    "pk": 9,
    "fields": {
        "external_id": null,
        "changed": "2016-05-03T10:45:23.977Z",
        "acronym": "LMEM2110",
        "title": "Recent Continental Philosophy",
        "credits": "7.00",
        "decimal_scores": true,
        "academic_year": 1,
        "learning_unit": 2
    }
},
{
    "model": "base.learningunityear",
    "pk": 10,
    "fields": {
        "external_id": null,
        "changed": "2016-05-03T10:45:47.040Z",
        "acronym": "LULBG2454",
        "title": "Spectroscopie atmosph\u00e9rique et t\u00e9l\u00e9d\u00e9tection spatiale (ULB)",
        "credits": "4.00",
        "decimal_scores": true,
        "academic_year": 1,
        "learning_unit": 1
    }
},
{
    "model": "base.offer",
    "pk": 1,
    "fields": {
        "external_id": null,
        "changed": "2016-05-03T12:22:03.324Z",
        "title": "OSIS1BA"
    }
},
{
    "model": "base.offer",
    "pk": 2,
    "fields": {
        "external_id": null,
        "changed": "2016-05-03T12:24:46.360Z",
        "title": "OSIS2M"
    }
},
{
    "model": "base.offerenrollment",
    "pk": 1,
    "fields": {
        "external_id": null,
        "changed": "2016-05-03T13:45:27.358Z",
        "date_enrollment": "2016-05-03",
        "offer_year": 1,
        "student": 1
    }
},
{
    "model": "base.offerenrollment",
    "pk": 2,
    "fields": {
        "external_id": null,
        "changed": "2016-05-03T13:45:27.358Z",
        "date_enrollment": "2016-05-03",
        "offer_year": 1,
        "student": 2
    }
},
{
    "model": "base.offerenrollment",
    "pk": 3,
    "fields": {
        "external_id": null,
        "changed": "2016-05-03T13:29:38.679Z",
        "date_enrollment": "2016-05-03",
        "offer_year": 1,
        "student": 3
    }
},
{
    "model": "base.offerenrollment",
    "pk": 4,
    "fields": {
        "external_id": null,
        "changed": "2016-05-03T13:29:38.679Z",
        "date_enrollment": "2016-05-03",
        "offer_year": 1,
        "student": 4
    }
},
{
    "model": "base.offerenrollment",
    "pk": 5,
    "fields": {
        "external_id": null,
        "changed": "2016-05-03T13:29:38.679Z",
        "date_enrollment": "2016-05-03",
        "offer_year": 1,
        "student": 5
    }
},
{
    "model": "base.offerenrollment",
    "pk": 6,
    "fields": {
        "external_id": null,
        "changed": "2016-05-03T13:29:38.679Z",
        "date_enrollment": "2016-05-03",
        "offer_year": 1,
        "student": 6
    }
},
{
    "model": "base.offerenrollment",
    "pk": 7,
    "fields": {
        "external_id": null,
        "changed": "2016-05-03T13:29:38.679Z",
        "date_enrollment": "2016-05-03",
        "offer_year": 1,
        "student": 7
    }
},
{
    "model": "base.offerenrollment",
    "pk": 8,
    "fields": {
        "external_id": null,
        "changed": "2016-05-03T13:29:38.679Z",
        "date_enrollment": "2016-05-03",
        "offer_year": 1,
        "student": 8
    }
},
{
    "model": "base.offerenrollment",
    "pk": 9,
    "fields": {
        "external_id": null,
        "changed": "2016-05-03T13:29:38.679Z",
        "date_enrollment": "2016-05-03",
        "offer_year": 2,
        "student": 9
    }
},
{
    "model": "base.offerenrollment",
    "pk": 10,
    "fields": {
        "external_id": null,
        "changed": "2016-05-03T13:29:38.679Z",
        "date_enrollment": "2016-05-03",
        "offer_year": 2,
        "student": 10
    }
},
{
    "model": "base.offerenrollment",
    "pk": 11,
    "fields": {
        "external_id": null,
        "changed": "2016-05-03T13:29:38.679Z",
        "date_enrollment": "2016-05-03",
        "offer_year": 2,
        "student": 11
    }
},
{
    "model": "base.offerenrollment",
    "pk": 12,
    "fields": {
        "external_id": null,
        "changed": "2016-05-03T13:29:38.679Z",
        "date_enrollment": "2016-05-03",
        "offer_year": 2,
        "student": 12
    }
},
{
    "model": "base.offerenrollment",
    "pk": 13,
    "fields": {
        "external_id": null,
        "changed": "2016-05-03T13:29:38.679Z",
        "date_enrollment": "2016-05-03",
        "offer_year": 2,
        "student": 13
    }
},
{
    "model": "base.offerenrollment",
    "pk": 14,
    "fields": {
        "external_id": null,
        "changed": "2016-05-03T13:29:38.679Z",
        "date_enrollment": "2016-05-03",
        "offer_year": 2,
        "student": 14
    }
},
{
    "model": "base.offerenrollment",
    "pk": 15,
    "fields": {
        "external_id": null,
        "changed": "2016-05-03T13:29:38.679Z",
        "date_enrollment": "2016-05-03",
        "offer_year": 2,
        "student": 15
    }
},
{
    "model": "base.structure",
    "pk": 1,
    "fields": {
        "external_id": null,
        "changed": "2016-05-03T12:22:39.521Z",
        "acronym": "OSIS",
        "title": "OSIS",
        "organization": 1,
        "part_of": null,
        "type": null
    }
},
{
    "model": "base.programmanager",
    "pk": 1,
    "fields": {
        "external_id": null,
        "changed": "2016-05-03T12:23:38.683Z",
        "person": 18,
        "offer_year": 1
    }
},
{
    "model": "base.programmanager",
    "pk": 2,
    "fields": {
        "external_id": null,
        "changed": "2016-05-03T12:24:05.197Z",
        "person": 17,
        "offer_year": 1
    }
},
{
    "model": "base.programmanager",
    "pk": 3,
    "fields": {
        "external_id": null,
        "changed": "2016-05-03T12:25:04.322Z",
        "person": 16,
        "offer_year": 2
    }
},
{
    "model": "base.programmanager",
    "pk": 4,
    "fields": {
        "external_id": null,
        "changed": "2016-05-03T12:25:39.383Z",
        "person": 15,
        "offer_year": 2
    }
},
{
    "model": "base.offeryear",
    "pk": 1,
    "fields": {
        "external_id": null,
        "changed": "2016-05-03T12:23:18.843Z",
        "offer": 1,
        "academic_year": 1,
        "acronym": "OSIS1BA",
        "title": "Bachelier Osis",
        "title_international": "",
        "title_short": "",
        "title_printable": "",
        "structure": 1,
        "parent": null,
        "grade": "BACHELOR"
    }
},
{
    "model": "base.offeryear",
    "pk": 2,
    "fields": {
        "external_id": null,
        "changed": "2016-05-03T12:25:00.729Z",
        "offer": 2,
        "academic_year": 1,
        "acronym": "OSIS2M",
        "title": "Osis Master",
        "title_international": "",
        "title_short": "",
        "title_printable": "",
        "structure": 1,
        "parent": null,
        "grade": "MASTER"
    }
},
{
    "model": "base.offeryearcalendar",
    "pk": 1,
    "fields": {
        "external_id": null,
        "changed": "2016-05-03T18:31:16.193Z",
        "academic_calendar": 15,
        "offer_year": 1,
        "start_date": null,
        "end_date": null,
        "customized": false
    }
},
{
    "model": "base.offeryearcalendar",
    "pk": 2,
    "fields": {
        "external_id": null,
        "changed": "2016-05-03T18:31:16.193Z",
        "academic_calendar": 1,
        "offer_year": 1,
        "start_date": null,
        "end_date": null,
        "customized": false
    }
},
{
    "model": "base.offeryearcalendar",
    "pk": 3,
    "fields": {
        "external_id": null,
        "changed": "2016-05-03T18:31:16.193Z",
        "academic_calendar": 2,
        "offer_year": 1,
        "start_date": null,
        "end_date": null,
        "customized": false
    }
},
{
    "model": "base.offeryearcalendar",
    "pk": 4,
    "fields": {
        "external_id": null,
        "changed": "2016-05-03T18:31:16.193Z",
        "academic_calendar": 3,
        "offer_year": 1,
        "start_date": null,
        "end_date": null,
        "customized": false
    }
},
{
    "model": "base.offeryearcalendar",
    "pk": 5,
    "fields": {
        "external_id": null,
        "changed": "2016-05-03T18:31:16.193Z",
        "academic_calendar": 4,
        "offer_year": 1,
        "start_date": null,
        "end_date": null,
        "customized": false
    }
},
{
    "model": "base.offeryearcalendar",
    "pk": 6,
    "fields": {
        "external_id": null,
        "changed": "2016-05-03T18:32:54.281Z",
        "academic_calendar": 5,
        "offer_year": 1,
        "start_date": "2016-04-03",
        "end_date": "2016-08-03",
        "customized": false
    }
},
{
    "model": "base.offeryearcalendar",
    "pk": 7,
    "fields": {
        "external_id": null,
        "changed": "2016-05-03T18:31:16.193Z",
        "academic_calendar": 6,
        "offer_year": 1,
        "start_date": null,
        "end_date": null,
        "customized": false
    }
},
{
    "model": "base.offeryearcalendar",
    "pk": 8,
    "fields": {
        "external_id": null,
        "changed": "2016-05-03T18:31:16.193Z",
        "academic_calendar": 7,
        "offer_year": 1,
        "start_date": null,
        "end_date": null,
        "customized": false
    }
},
{
    "model": "base.offeryearcalendar",
    "pk": 9,
    "fields": {
        "external_id": null,
        "changed": "2016-05-03T18:31:16.193Z",
        "academic_calendar": 8,
        "offer_year": 1,
        "start_date": null,
        "end_date": null,
        "customized": false
    }
},
{
    "model": "base.offeryearcalendar",
    "pk": 10,
    "fields": {
        "external_id": null,
        "changed": "2016-05-03T18:31:16.193Z",
        "academic_calendar": 9,
        "offer_year": 1,
        "start_date": null,
        "end_date": null,
        "customized": false
    }
},
{
    "model": "base.offeryearcalendar",
    "pk": 11,
    "fields": {
        "external_id": null,
        "changed": "2016-05-03T18:31:16.193Z",
        "academic_calendar": 10,
        "offer_year": 1,
        "start_date": null,
        "end_date": null,
        "customized": false
    }
},
{
    "model": "base.offeryearcalendar",
    "pk": 12,
    "fields": {
        "external_id": null,
        "changed": "2016-05-03T18:31:16.193Z",
        "academic_calendar": 11,
        "offer_year": 1,
        "start_date": null,
        "end_date": null,
        "customized": false
    }
},
{
    "model": "base.offeryearcalendar",
    "pk": 13,
    "fields": {
        "external_id": null,
        "changed": "2016-05-03T18:31:16.193Z",
        "academic_calendar": 12,
        "offer_year": 1,
        "start_date": null,
        "end_date": null,
        "customized": false
    }
},
{
    "model": "base.offeryearcalendar",
    "pk": 14,
    "fields": {
        "external_id": null,
        "changed": "2016-05-03T18:31:16.193Z",
        "academic_calendar": 13,
        "offer_year": 1,
        "start_date": null,
        "end_date": null,
        "customized": false
    }
},
{
    "model": "base.offeryearcalendar",
    "pk": 15,
    "fields": {
        "external_id": null,
        "changed": "2016-05-03T18:31:16.193Z",
        "academic_calendar": 14,
        "offer_year": 1,
        "start_date": null,
        "end_date": null,
        "customized": false
    }
},
{
    "model": "base.offeryearcalendar",
    "pk": 16,
    "fields": {
        "external_id": null,
        "changed": "2016-05-03T18:31:16.193Z",
        "academic_calendar": 1,
        "offer_year": 2,
        "start_date": null,
        "end_date": null,
        "customized": false
    }
},
{
    "model": "base.offeryearcalendar",
    "pk": 17,
    "fields": {
        "external_id": null,
        "changed": "2016-05-03T18:31:16.193Z",
        "academic_calendar": 2,
        "offer_year": 2,
        "start_date": null,
        "end_date": null,
        "customized": false
    }
},
{
    "model": "base.offeryearcalendar",
    "pk": 18,
    "fields": {
        "external_id": null,
        "changed": "2016-05-03T18:31:16.193Z",
        "academic_calendar": 3,
        "offer_year": 2,
        "start_date": null,
        "end_date": null,
        "customized": false
    }
},
{
    "model": "base.offeryearcalendar",
    "pk": 19,
    "fields": {
        "external_id": null,
        "changed": "2016-05-03T18:31:16.193Z",
        "academic_calendar": 4,
        "offer_year": 2,
        "start_date": null,
        "end_date": null,
        "customized": false
    }
},
{
    "model": "base.offeryearcalendar",
    "pk": 20,
    "fields": {
        "external_id": null,
        "changed": "2016-05-03T18:33:22.498Z",
        "academic_calendar": 5,
        "offer_year": 2,
        "start_date": "2016-04-03",
        "end_date": "2016-08-03",
        "customized": false
    }
},
{
    "model": "base.offeryearcalendar",
    "pk": 21,
    "fields": {
        "external_id": null,
        "changed": "2016-05-03T18:31:16.193Z",
        "academic_calendar": 6,
        "offer_year": 2,
        "start_date": null,
        "end_date": null,
        "customized": false
    }
},
{
    "model": "base.offeryearcalendar",
    "pk": 22,
    "fields": {
        "external_id": null,
        "changed": "2016-05-03T18:31:16.193Z",
        "academic_calendar": 7,
        "offer_year": 2,
        "start_date": null,
        "end_date": null,
        "customized": false
    }
},
{
    "model": "base.offeryearcalendar",
    "pk": 23,
    "fields": {
        "external_id": null,
        "changed": "2016-05-03T18:31:16.193Z",
        "academic_calendar": 8,
        "offer_year": 2,
        "start_date": null,
        "end_date": null,
        "customized": false
    }
},
{
    "model": "base.offeryearcalendar",
    "pk": 24,
    "fields": {
        "external_id": null,
        "changed": "2016-05-03T18:31:16.193Z",
        "academic_calendar": 2,
        "offer_year": 1,
        "start_date": null,
        "end_date": null,
        "customized": false
    }
},
{
    "model": "base.offeryearcalendar",
    "pk": 25,
    "fields": {
        "external_id": null,
        "changed": "2016-05-03T18:31:16.193Z",
        "academic_calendar": 10,
        "offer_year": 2,
        "start_date": null,
        "end_date": null,
        "customized": false
    }
},
{
    "model": "base.offeryearcalendar",
    "pk": 26,
    "fields": {
        "external_id": null,
        "changed": "2016-05-03T18:31:16.193Z",
        "academic_calendar": 11,
        "offer_year": 2,
        "start_date": null,
        "end_date": null,
        "customized": false
    }
},
{
    "model": "base.offeryearcalendar",
    "pk": 27,
    "fields": {
        "external_id": null,
        "changed": "2016-05-03T18:31:16.193Z",
        "academic_calendar": 12,
        "offer_year": 2,
        "start_date": null,
        "end_date": null,
        "customized": false
    }
},
{
    "model": "base.offeryearcalendar",
    "pk": 28,
    "fields": {
        "external_id": null,
        "changed": "2016-05-03T18:31:16.193Z",
        "academic_calendar": 13,
        "offer_year": 2,
        "start_date": null,
        "end_date": null,
        "customized": false
    }
},
{
    "model": "base.offeryearcalendar",
    "pk": 29,
    "fields": {
        "external_id": null,
        "changed": "2016-05-03T18:31:16.193Z",
        "academic_calendar": 14,
        "offer_year": 2,
        "start_date": null,
        "end_date": null,
        "customized": false
    }
},
{
    "model": "base.offeryearcalendar",
    "pk": 30,
    "fields": {
        "external_id": null,
        "changed": "2016-05-03T18:31:16.193Z",
        "academic_calendar": 15,
        "offer_year": 2,
        "start_date": null,
        "end_date": null,
        "customized": false
    }
},
{
    "model": "base.organization",
    "pk": 1,
    "fields": {
        "external_id": null,
        "changed": "2016-05-03T12:22:35.421Z",
        "name": "Osis Test",
        "acronym": "OTST",
        "website": "",
        "reference": "",
        "type": null
    }
},
{
    "model": "base.sessionexam",
    "pk": 1,
    "fields": {
        "external_id": null,
        "changed": "2016-05-03T14:25:31.160Z",
        "number_session": 1,
        "status": "CLOSED",
        "learning_unit_year": 1,
        "offer_year_calendar": 19
    }
},
{
    "model": "base.sessionexam",
    "pk": 2,
    "fields": {
        "external_id": null,
        "changed": "2016-05-03T14:26:10.108Z",
        "number_session": 2,
        "status": "OPEN",
        "learning_unit_year": 1,
        "offer_year_calendar": 20
    }
},
{
    "model": "base.sessionexam",
    "pk": 3,
    "fields": {
        "external_id": null,
        "changed": "2016-05-03T14:26:30.519Z",
        "number_session": 3,
        "status": "OPEN",
        "learning_unit_year": 1,
        "offer_year_calendar": 21
    }
},
{
    "model": "base.sessionexam",
    "pk": 4,
    "fields": {
        "external_id": null,
        "changed": "2016-05-03T14:25:31.160Z",
        "number_session": 1,
        "status": "CLOSED",
        "learning_unit_year": 2,
        "offer_year_calendar": 19
    }
},
{
    "model": "base.sessionexam",
    "pk": 5,
    "fields": {
        "external_id": null,
        "changed": "2016-05-03T14:26:10.108Z",
        "number_session": 2,
        "status": "OPEN",
        "learning_unit_year": 2,
        "offer_year_calendar": 20
    }
},
{
    "model": "base.sessionexam",
    "pk": 6,
    "fields": {
        "external_id": null,
        "changed": "2016-05-03T14:26:30.519Z",
        "number_session": 3,
        "status": "OPEN",
        "learning_unit_year": 2,
        "offer_year_calendar": 21
    }
},
{
    "model": "base.sessionexam",
    "pk": 7,
    "fields": {
        "external_id": null,
        "changed": "2016-05-03T14:25:31.160Z",
        "number_session": 1,
        "status": "CLOSED",
        "learning_unit_year": 3,
        "offer_year_calendar": 19
    }
},
{
    "model": "base.sessionexam",
    "pk": 8,
    "fields": {
        "external_id": null,
        "changed": "2016-05-03T14:26:10.108Z",
        "number_session": 2,
        "status": "OPEN",
        "learning_unit_year": 3,
        "offer_year_calendar": 20
    }
},
{
    "model": "base.sessionexam",
    "pk": 9,
    "fields": {
        "external_id": null,
        "changed": "2016-05-03T14:26:30.519Z",
        "number_session": 3,
        "status": "OPEN",
        "learning_unit_year": 3,
        "offer_year_calendar": 21
    }
},
{
    "model": "base.sessionexam",
    "pk": 10,
    "fields": {
        "external_id": null,
        "changed": "2016-05-03T14:25:31.160Z",
        "number_session": 1,
        "status": "CLOSED",
        "learning_unit_year": 4,
        "offer_year_calendar": 19
    }
},
{
    "model": "base.sessionexam",
    "pk": 11,
    "fields": {
        "external_id": null,
        "changed": "2016-05-03T14:26:10.108Z",
        "number_session": 2,
        "status": "OPEN",
        "learning_unit_year": 4,
        "offer_year_calendar": 20
    }
},
{
    "model": "base.sessionexam",
    "pk": 12,
    "fields": {
        "external_id": null,
        "changed": "2016-05-03T14:26:30.519Z",
        "number_session": 3,
        "status": "OPEN",
        "learning_unit_year": 4,
        "offer_year_calendar": 21
    }
},
{
    "model": "base.sessionexam",
    "pk": 13,
    "fields": {
        "external_id": null,
        "changed": "2016-05-03T14:25:31.160Z",
        "number_session": 1,
        "status": "CLOSED",
        "learning_unit_year": 5,
        "offer_year_calendar": 19
    }
},
{
    "model": "base.sessionexam",
    "pk": 14,
    "fields": {
        "external_id": null,
        "changed": "2016-05-03T14:26:10.108Z",
        "number_session": 2,
        "status": "OPEN",
        "learning_unit_year": 5,
        "offer_year_calendar": 20
    }
},
{
    "model": "base.sessionexam",
    "pk": 15,
    "fields": {
        "external_id": null,
        "changed": "2016-05-03T14:26:30.519Z",
        "number_session": 3,
        "status": "OPEN",
        "learning_unit_year": 5,
        "offer_year_calendar": 21
    }
},
{
    "model": "base.sessionexam",
    "pk": 17,
    "fields": {
        "external_id": null,
        "changed": "2016-05-03T14:25:31.160Z",
        "number_session": 1,
        "status": "CLOSED",
        "learning_unit_year": 6,
        "offer_year_calendar": 5
    }
},
{
    "model": "base.sessionexam",
    "pk": 18,
    "fields": {
        "external_id": null,
        "changed": "2016-05-03T14:26:10.108Z",
        "number_session": 2,
        "status": "OPEN",
        "learning_unit_year": 6,
        "offer_year_calendar": 6
    }
},
{
    "model": "base.sessionexam",
    "pk": 19,
    "fields": {
        "external_id": null,
        "changed": "2016-05-03T14:26:30.519Z",
        "number_session": 3,
        "status": "OPEN",
        "learning_unit_year": 6,
        "offer_year_calendar": 7
    }
},
{
    "model": "base.sessionexam",
    "pk": 20,
    "fields": {
        "external_id": null,
        "changed": "2016-05-03T14:25:31.160Z",
        "number_session": 1,
        "status": "CLOSED",
        "learning_unit_year": 7,
        "offer_year_calendar": 5
    }
},
{
    "model": "base.sessionexam",
    "pk": 21,
    "fields": {
        "external_id": null,
        "changed": "2016-05-03T14:26:10.108Z",
        "number_session": 2,
        "status": "OPEN",
        "learning_unit_year": 7,
        "offer_year_calendar": 6
    }
},
{
    "model": "base.sessionexam",
    "pk": 22,
    "fields": {
        "external_id": null,
        "changed": "2016-05-03T14:26:30.519Z",
        "number_session": 3,
        "status": "OPEN",
        "learning_unit_year": 7,
        "offer_year_calendar": 7
    }
},
{
    "model": "base.sessionexam",
    "pk": 23,
    "fields": {
        "external_id": null,
        "changed": "2016-05-03T14:25:31.160Z",
        "number_session": 1,
        "status": "CLOSED",
        "learning_unit_year": 8,
        "offer_year_calendar": 5
    }
},
{
    "model": "base.sessionexam",
    "pk": 24,
    "fields": {
        "external_id": null,
        "changed": "2016-05-03T14:26:10.108Z",
        "number_session": 2,
        "status": "OPEN",
        "learning_unit_year": 8,
        "offer_year_calendar": 6
    }
},
{
    "model": "base.sessionexam",
    "pk": 25,
    "fields": {
        "external_id": null,
        "changed": "2016-05-03T14:26:30.519Z",
        "number_session": 3,
        "status": "OPEN",
        "learning_unit_year": 8,
        "offer_year_calendar": 7
    }
},
{
    "model": "base.sessionexam",
    "pk": 26,
    "fields": {
        "external_id": null,
        "changed": "2016-05-03T14:25:31.160Z",
        "number_session": 1,
        "status": "CLOSED",
        "learning_unit_year": 9,
        "offer_year_calendar": 5
    }
},
{
    "model": "base.sessionexam",
    "pk": 27,
    "fields": {
        "external_id": null,
        "changed": "2016-05-03T14:26:10.108Z",
        "number_session": 2,
        "status": "OPEN",
        "learning_unit_year": 9,
        "offer_year_calendar": 6
    }
},
{
    "model": "base.sessionexam",
    "pk": 28,
    "fields": {
        "external_id": null,
        "changed": "2016-05-03T14:26:30.519Z",
        "number_session": 3,
        "status": "OPEN",
        "learning_unit_year": 9,
        "offer_year_calendar": 7
    }
},
{
    "model": "base.sessionexam",
    "pk": 29,
    "fields": {
        "external_id": null,
        "changed": "2016-05-03T14:25:31.160Z",
        "number_session": 1,
        "status": "CLOSED",
        "learning_unit_year": 10,
        "offer_year_calendar": 5
    }
},
{
    "model": "base.sessionexam",
    "pk": 30,
    "fields": {
        "external_id": null,
        "changed": "2016-05-03T14:26:10.108Z",
        "number_session": 2,
        "status": "OPEN",
        "learning_unit_year": 10,
        "offer_year_calendar": 6
    }
},
{
    "model": "base.sessionexam",
    "pk": 31,
    "fields": {
        "external_id": null,
        "changed": "2016-05-03T14:26:30.519Z",
        "number_session": 3,
        "status": "OPEN",
        "learning_unit_year": 10,
        "offer_year_calendar": 7
    }
},
{
    "model": "base.student",
    "pk": 1,
    "fields": {
        "external_id": null,
        "changed": "2016-05-03T13:29:24.768Z",
        "registration_id": "1",
        "person": 2
    }
},
{
    "model": "base.student",
    "pk": 2,
    "fields": {
        "external_id": null,
        "changed": "2016-05-03T13:29:57.826Z",
        "registration_id": "2",
        "person": 19
    }
},
{
    "model": "base.student",
    "pk": 3,
    "fields": {
        "external_id": null,
        "changed": "2016-05-03T13:29:24.768Z",
        "registration_id": "3",
        "person": 20
    }
},
{
    "model": "base.student",
    "pk": 4,
    "fields": {
        "external_id": null,
        "changed": "2016-05-03T13:29:57.826Z",
        "registration_id": "4",
        "person": 21
    }
},
{
    "model": "base.student",
    "pk": 5,
    "fields": {
        "external_id": null,
        "changed": "2016-05-03T13:29:24.768Z",
        "registration_id": "5",
        "person": 22
    }
},
{
    "model": "base.student",
    "pk": 6,
    "fields": {
        "external_id": null,
        "changed": "2016-05-03T13:29:57.826Z",
        "registration_id": "6",
        "person": 23
    }
},
{
    "model": "base.student",
    "pk": 7,
    "fields": {
        "external_id": null,
        "changed": "2016-05-03T13:29:24.768Z",
        "registration_id": "7",
        "person": 24
    }
},
{
    "model": "base.student",
    "pk": 8,
    "fields": {
        "external_id": null,
        "changed": "2016-05-03T13:29:57.826Z",
        "registration_id": "8",
        "person": 25
    }
},
{
    "model": "base.student",
    "pk": 9,
    "fields": {
        "external_id": null,
        "changed": "2016-05-03T13:29:24.768Z",
        "registration_id": "9",
        "person": 26
    }
},
{
    "model": "base.student",
    "pk": 10,
    "fields": {
        "external_id": null,
        "changed": "2016-05-03T13:29:57.826Z",
        "registration_id": "10",
        "person": 27
    }
},
{
    "model": "base.student",
    "pk": 11,
    "fields": {
        "external_id": null,
        "changed": "2016-05-03T13:29:24.768Z",
        "registration_id": "11",
        "person": 28
    }
},
{
    "model": "base.student",
    "pk": 12,
    "fields": {
        "external_id": null,
        "changed": "2016-05-03T13:29:57.826Z",
        "registration_id": "12",
        "person": 29
    }
},
{
    "model": "base.student",
    "pk": 13,
    "fields": {
        "external_id": null,
        "changed": "2016-05-03T13:29:24.768Z",
        "registration_id": "13",
        "person": 30
    }
},
{
    "model": "base.student",
    "pk": 14,
    "fields": {
        "external_id": null,
        "changed": "2016-05-03T13:29:57.826Z",
        "registration_id": "14",
        "person": 31
    }
},
{
    "model": "base.student",
    "pk": 15,
    "fields": {
        "external_id": null,
        "changed": "2016-05-03T13:29:24.768Z",
        "registration_id": "15",
        "person": 32
    }
},
{
    "model": "base.tutor",
    "pk": 1,
    "fields": {
        "external_id": null,
        "changed": "2016-05-03T12:26:18.939Z",
        "person": 14
    }
},
{
    "model": "base.tutor",
    "pk": 2,
    "fields": {
        "external_id": null,
        "changed": "2016-05-03T12:26:26.234Z",
        "person": 13
    }
},
{
    "model": "base.tutor",
    "pk": 3,
    "fields": {
        "external_id": null,
        "changed": "2016-05-03T12:26:35.109Z",
        "person": 12
    }
},
{
    "model": "base.tutor",
    "pk": 4,
    "fields": {
        "external_id": null,
        "changed": "2016-05-03T12:26:46.200Z",
        "person": 11
    }
},
{
    "model": "base.tutor",
    "pk": 5,
    "fields": {
        "external_id": null,
        "changed": "2016-05-03T12:27:07.592Z",
        "person": 9
    }
},
{
    "model": "base.tutor",
    "pk": 6,
    "fields": {
        "external_id": null,
        "changed": "2016-05-03T12:27:15.358Z",
        "person": 8
    }
},
{
    "model": "base.tutor",
    "pk": 7,
    "fields": {
        "external_id": null,
        "changed": "2016-05-03T12:27:25.014Z",
        "person": 7
    }
},
{
    "model": "base.tutor",
    "pk": 8,
    "fields": {
        "external_id": null,
        "changed": "2016-05-03T12:27:42.587Z",
        "person": 5
    }
},
{
    "model": "base.tutor",
    "pk": 9,
    "fields": {
        "external_id": null,
        "changed": "2016-05-03T12:27:48.336Z",
        "person": 4
    }
},
{
    "model": "base.tutor",
    "pk": 10,
    "fields": {
        "external_id": null,
        "changed": "2016-05-03T12:28:00.634Z",
        "person": 1
    }
},
{
    "model": "auth.permission",
    "pk": 1,
    "fields": {
        "name": "Can add log entry",
        "content_type": 1,
        "codename": "add_logentry"
    }
},
{
    "model": "auth.permission",
    "pk": 2,
    "fields": {
        "name": "Can change log entry",
        "content_type": 1,
        "codename": "change_logentry"
    }
},
{
    "model": "auth.permission",
    "pk": 3,
    "fields": {
        "name": "Can delete log entry",
        "content_type": 1,
        "codename": "delete_logentry"
    }
},
{
    "model": "auth.permission",
    "pk": 4,
    "fields": {
        "name": "Can add permission",
        "content_type": 2,
        "codename": "add_permission"
    }
},
{
    "model": "auth.permission",
    "pk": 5,
    "fields": {
        "name": "Can change permission",
        "content_type": 2,
        "codename": "change_permission"
    }
},
{
    "model": "auth.permission",
    "pk": 6,
    "fields": {
        "name": "Can delete permission",
        "content_type": 2,
        "codename": "delete_permission"
    }
},
{
    "model": "auth.permission",
    "pk": 7,
    "fields": {
        "name": "Can add group",
        "content_type": 3,
        "codename": "add_group"
    }
},
{
    "model": "auth.permission",
    "pk": 8,
    "fields": {
        "name": "Can change group",
        "content_type": 3,
        "codename": "change_group"
    }
},
{
    "model": "auth.permission",
    "pk": 9,
    "fields": {
        "name": "Can delete group",
        "content_type": 3,
        "codename": "delete_group"
    }
},
{
    "model": "auth.permission",
    "pk": 10,
    "fields": {
        "name": "Can add user",
        "content_type": 4,
        "codename": "add_user"
    }
},
{
    "model": "auth.permission",
    "pk": 11,
    "fields": {
        "name": "Can change user",
        "content_type": 4,
        "codename": "change_user"
    }
},
{
    "model": "auth.permission",
    "pk": 12,
    "fields": {
        "name": "Can delete user",
        "content_type": 4,
        "codename": "delete_user"
    }
},
{
    "model": "auth.permission",
    "pk": 13,
    "fields": {
        "name": "Can add content type",
        "content_type": 5,
        "codename": "add_contenttype"
    }
},
{
    "model": "auth.permission",
    "pk": 14,
    "fields": {
        "name": "Can change content type",
        "content_type": 5,
        "codename": "change_contenttype"
    }
},
{
    "model": "auth.permission",
    "pk": 15,
    "fields": {
        "name": "Can delete content type",
        "content_type": 5,
        "codename": "delete_contenttype"
    }
},
{
    "model": "auth.permission",
    "pk": 16,
    "fields": {
        "name": "Can add session",
        "content_type": 6,
        "codename": "add_session"
    }
},
{
    "model": "auth.permission",
    "pk": 17,
    "fields": {
        "name": "Can change session",
        "content_type": 6,
        "codename": "change_session"
    }
},
{
    "model": "auth.permission",
    "pk": 18,
    "fields": {
        "name": "Can delete session",
        "content_type": 6,
        "codename": "delete_session"
    }
},
{
    "model": "auth.permission",
    "pk": 19,
    "fields": {
        "name": "Can add continent",
        "content_type": 7,
        "codename": "add_continent"
    }
},
{
    "model": "auth.permission",
    "pk": 20,
    "fields": {
        "name": "Can change continent",
        "content_type": 7,
        "codename": "change_continent"
    }
},
{
    "model": "auth.permission",
    "pk": 21,
    "fields": {
        "name": "Can delete continent",
        "content_type": 7,
        "codename": "delete_continent"
    }
},
{
    "model": "auth.permission",
    "pk": 22,
    "fields": {
        "name": "Can add country",
        "content_type": 8,
        "codename": "add_country"
    }
},
{
    "model": "auth.permission",
    "pk": 23,
    "fields": {
        "name": "Can change country",
        "content_type": 8,
        "codename": "change_country"
    }
},
{
    "model": "auth.permission",
    "pk": 24,
    "fields": {
        "name": "Can delete country",
        "content_type": 8,
        "codename": "delete_country"
    }
},
{
    "model": "auth.permission",
    "pk": 25,
    "fields": {
        "name": "Can add currency",
        "content_type": 9,
        "codename": "add_currency"
    }
},
{
    "model": "auth.permission",
    "pk": 26,
    "fields": {
        "name": "Can change currency",
        "content_type": 9,
        "codename": "change_currency"
    }
},
{
    "model": "auth.permission",
    "pk": 27,
    "fields": {
        "name": "Can delete currency",
        "content_type": 9,
        "codename": "delete_currency"
    }
},
{
    "model": "auth.permission",
    "pk": 28,
    "fields": {
        "name": "Can add language",
        "content_type": 10,
        "codename": "add_language"
    }
},
{
    "model": "auth.permission",
    "pk": 29,
    "fields": {
        "name": "Can change language",
        "content_type": 10,
        "codename": "change_language"
    }
},
{
    "model": "auth.permission",
    "pk": 30,
    "fields": {
        "name": "Can delete language",
        "content_type": 10,
        "codename": "delete_language"
    }
},
{
    "model": "auth.permission",
    "pk": 31,
    "fields": {
        "name": "Can add academic year",
        "content_type": 11,
        "codename": "add_academicyear"
    }
},
{
    "model": "auth.permission",
    "pk": 32,
    "fields": {
        "name": "Can change academic year",
        "content_type": 11,
        "codename": "change_academicyear"
    }
},
{
    "model": "auth.permission",
    "pk": 33,
    "fields": {
        "name": "Can delete academic year",
        "content_type": 11,
        "codename": "delete_academicyear"
    }
},
{
    "model": "auth.permission",
    "pk": 34,
    "fields": {
        "name": "Can add academic calendar",
        "content_type": 12,
        "codename": "add_academiccalendar"
    }
},
{
    "model": "auth.permission",
    "pk": 35,
    "fields": {
        "name": "Can change academic calendar",
        "content_type": 12,
        "codename": "change_academiccalendar"
    }
},
{
    "model": "auth.permission",
    "pk": 36,
    "fields": {
        "name": "Can delete academic calendar",
        "content_type": 12,
        "codename": "delete_academiccalendar"
    }
},
{
    "model": "auth.permission",
    "pk": 37,
    "fields": {
        "name": "Can add application notice",
        "content_type": 13,
        "codename": "add_applicationnotice"
    }
},
{
    "model": "auth.permission",
    "pk": 38,
    "fields": {
        "name": "Can change application notice",
        "content_type": 13,
        "codename": "change_applicationnotice"
    }
},
{
    "model": "auth.permission",
    "pk": 39,
    "fields": {
        "name": "Can delete application notice",
        "content_type": 13,
        "codename": "delete_applicationnotice"
    }
},
{
    "model": "auth.permission",
    "pk": 40,
    "fields": {
        "name": "Can add attribution",
        "content_type": 14,
        "codename": "add_attribution"
    }
},
{
    "model": "auth.permission",
    "pk": 41,
    "fields": {
        "name": "Can change attribution",
        "content_type": 14,
        "codename": "change_attribution"
    }
},
{
    "model": "auth.permission",
    "pk": 42,
    "fields": {
        "name": "Can delete attribution",
        "content_type": 14,
        "codename": "delete_attribution"
    }
},
{
    "model": "auth.permission",
    "pk": 43,
    "fields": {
        "name": "Can add document file",
        "content_type": 15,
        "codename": "add_documentfile"
    }
},
{
    "model": "auth.permission",
    "pk": 44,
    "fields": {
        "name": "Can change document file",
        "content_type": 15,
        "codename": "change_documentfile"
    }
},
{
    "model": "auth.permission",
    "pk": 45,
    "fields": {
        "name": "Can delete document file",
        "content_type": 15,
        "codename": "delete_documentfile"
    }
},
{
    "model": "auth.permission",
    "pk": 46,
    "fields": {
        "name": "Can add domain",
        "content_type": 16,
        "codename": "add_domain"
    }
},
{
    "model": "auth.permission",
    "pk": 47,
    "fields": {
        "name": "Can change domain",
        "content_type": 16,
        "codename": "change_domain"
    }
},
{
    "model": "auth.permission",
    "pk": 48,
    "fields": {
        "name": "Can delete domain",
        "content_type": 16,
        "codename": "delete_domain"
    }
},
{
    "model": "auth.permission",
    "pk": 49,
    "fields": {
        "name": "Can add person",
        "content_type": 17,
        "codename": "add_person"
    }
},
{
    "model": "auth.permission",
    "pk": 50,
    "fields": {
        "name": "Can change person",
        "content_type": 17,
        "codename": "change_person"
    }
},
{
    "model": "auth.permission",
    "pk": 51,
    "fields": {
        "name": "Can delete person",
        "content_type": 17,
        "codename": "delete_person"
    }
},
{
    "model": "auth.permission",
    "pk": 52,
    "fields": {
        "name": "Can add exam enrollment",
        "content_type": 18,
        "codename": "add_examenrollment"
    }
},
{
    "model": "auth.permission",
    "pk": 53,
    "fields": {
        "name": "Can change exam enrollment",
        "content_type": 18,
        "codename": "change_examenrollment"
    }
},
{
    "model": "auth.permission",
    "pk": 54,
    "fields": {
        "name": "Can delete exam enrollment",
        "content_type": 18,
        "codename": "delete_examenrollment"
    }
},
{
    "model": "auth.permission",
    "pk": 55,
    "fields": {
        "name": "Can add exam enrollment history",
        "content_type": 19,
        "codename": "add_examenrollmenthistory"
    }
},
{
    "model": "auth.permission",
    "pk": 56,
    "fields": {
        "name": "Can change exam enrollment history",
        "content_type": 19,
        "codename": "change_examenrollmenthistory"
    }
},
{
    "model": "auth.permission",
    "pk": 57,
    "fields": {
        "name": "Can delete exam enrollment history",
        "content_type": 19,
        "codename": "delete_examenrollmenthistory"
    }
},
{
    "model": "auth.permission",
    "pk": 58,
    "fields": {
        "name": "Can add learning unit",
        "content_type": 20,
        "codename": "add_learningunit"
    }
},
{
    "model": "auth.permission",
    "pk": 59,
    "fields": {
        "name": "Can change learning unit",
        "content_type": 20,
        "codename": "change_learningunit"
    }
},
{
    "model": "auth.permission",
    "pk": 60,
    "fields": {
        "name": "Can delete learning unit",
        "content_type": 20,
        "codename": "delete_learningunit"
    }
},
{
    "model": "auth.permission",
    "pk": 61,
    "fields": {
        "name": "Can add learning unit enrollment",
        "content_type": 21,
        "codename": "add_learningunitenrollment"
    }
},
{
    "model": "auth.permission",
    "pk": 62,
    "fields": {
        "name": "Can change learning unit enrollment",
        "content_type": 21,
        "codename": "change_learningunitenrollment"
    }
},
{
    "model": "auth.permission",
    "pk": 63,
    "fields": {
        "name": "Can delete learning unit enrollment",
        "content_type": 21,
        "codename": "delete_learningunitenrollment"
    }
},
{
    "model": "auth.permission",
    "pk": 64,
    "fields": {
        "name": "Can add learning unit year",
        "content_type": 22,
        "codename": "add_learningunityear"
    }
},
{
    "model": "auth.permission",
    "pk": 65,
    "fields": {
        "name": "Can change learning unit year",
        "content_type": 22,
        "codename": "change_learningunityear"
    }
},
{
    "model": "auth.permission",
    "pk": 66,
    "fields": {
        "name": "Can delete learning unit year",
        "content_type": 22,
        "codename": "delete_learningunityear"
    }
},
{
    "model": "auth.permission",
    "pk": 67,
    "fields": {
        "name": "Can add message template",
        "content_type": 23,
        "codename": "add_messagetemplate"
    }
},
{
    "model": "auth.permission",
    "pk": 68,
    "fields": {
        "name": "Can change message template",
        "content_type": 23,
        "codename": "change_messagetemplate"
    }
},
{
    "model": "auth.permission",
    "pk": 69,
    "fields": {
        "name": "Can delete message template",
        "content_type": 23,
        "codename": "delete_messagetemplate"
    }
},
{
    "model": "auth.permission",
    "pk": 70,
    "fields": {
        "name": "Can add offer",
        "content_type": 24,
        "codename": "add_offer"
    }
},
{
    "model": "auth.permission",
    "pk": 71,
    "fields": {
        "name": "Can change offer",
        "content_type": 24,
        "codename": "change_offer"
    }
},
{
    "model": "auth.permission",
    "pk": 72,
    "fields": {
        "name": "Can delete offer",
        "content_type": 24,
        "codename": "delete_offer"
    }
},
{
    "model": "auth.permission",
    "pk": 73,
    "fields": {
        "name": "Can add offer enrollment",
        "content_type": 25,
        "codename": "add_offerenrollment"
    }
},
{
    "model": "auth.permission",
    "pk": 74,
    "fields": {
        "name": "Can change offer enrollment",
        "content_type": 25,
        "codename": "change_offerenrollment"
    }
},
{
    "model": "auth.permission",
    "pk": 75,
    "fields": {
        "name": "Can delete offer enrollment",
        "content_type": 25,
        "codename": "delete_offerenrollment"
    }
},
{
    "model": "auth.permission",
    "pk": 76,
    "fields": {
        "name": "Can add structure",
        "content_type": 26,
        "codename": "add_structure"
    }
},
{
    "model": "auth.permission",
    "pk": 77,
    "fields": {
        "name": "Can change structure",
        "content_type": 26,
        "codename": "change_structure"
    }
},
{
    "model": "auth.permission",
    "pk": 78,
    "fields": {
        "name": "Can delete structure",
        "content_type": 26,
        "codename": "delete_structure"
    }
},
{
    "model": "auth.permission",
    "pk": 79,
    "fields": {
        "name": "Can add program manager",
        "content_type": 27,
        "codename": "add_programmanager"
    }
},
{
    "model": "auth.permission",
    "pk": 80,
    "fields": {
        "name": "Can change program manager",
        "content_type": 27,
        "codename": "change_programmanager"
    }
},
{
    "model": "auth.permission",
    "pk": 81,
    "fields": {
        "name": "Can delete program manager",
        "content_type": 27,
        "codename": "delete_programmanager"
    }
},
{
    "model": "auth.permission",
    "pk": 82,
    "fields": {
        "name": "Can add offer year",
        "content_type": 28,
        "codename": "add_offeryear"
    }
},
{
    "model": "auth.permission",
    "pk": 83,
    "fields": {
        "name": "Can change offer year",
        "content_type": 28,
        "codename": "change_offeryear"
    }
},
{
    "model": "auth.permission",
    "pk": 84,
    "fields": {
        "name": "Can delete offer year",
        "content_type": 28,
        "codename": "delete_offeryear"
    }
},
{
    "model": "auth.permission",
    "pk": 85,
    "fields": {
        "name": "Can add offer year calendar",
        "content_type": 29,
        "codename": "add_offeryearcalendar"
    }
},
{
    "model": "auth.permission",
    "pk": 86,
    "fields": {
        "name": "Can change offer year calendar",
        "content_type": 29,
        "codename": "change_offeryearcalendar"
    }
},
{
    "model": "auth.permission",
    "pk": 87,
    "fields": {
        "name": "Can delete offer year calendar",
        "content_type": 29,
        "codename": "delete_offeryearcalendar"
    }
},
{
    "model": "auth.permission",
    "pk": 88,
    "fields": {
        "name": "Can add organization",
        "content_type": 30,
        "codename": "add_organization"
    }
},
{
    "model": "auth.permission",
    "pk": 89,
    "fields": {
        "name": "Can change organization",
        "content_type": 30,
        "codename": "change_organization"
    }
},
{
    "model": "auth.permission",
    "pk": 90,
    "fields": {
        "name": "Can delete organization",
        "content_type": 30,
        "codename": "delete_organization"
    }
},
{
    "model": "auth.permission",
    "pk": 91,
    "fields": {
        "name": "Can add organization address",
        "content_type": 31,
        "codename": "add_organizationaddress"
    }
},
{
    "model": "auth.permission",
    "pk": 92,
    "fields": {
        "name": "Can change organization address",
        "content_type": 31,
        "codename": "change_organizationaddress"
    }
},
{
    "model": "auth.permission",
    "pk": 93,
    "fields": {
        "name": "Can delete organization address",
        "content_type": 31,
        "codename": "delete_organizationaddress"
    }
},
{
    "model": "auth.permission",
    "pk": 94,
    "fields": {
        "name": "Can add person address",
        "content_type": 32,
        "codename": "add_personaddress"
    }
},
{
    "model": "auth.permission",
    "pk": 95,
    "fields": {
        "name": "Can change person address",
        "content_type": 32,
        "codename": "change_personaddress"
    }
},
{
    "model": "auth.permission",
    "pk": 96,
    "fields": {
        "name": "Can delete person address",
        "content_type": 32,
        "codename": "delete_personaddress"
    }
},
{
    "model": "auth.permission",
    "pk": 97,
    "fields": {
        "name": "Can add session exam",
        "content_type": 33,
        "codename": "add_sessionexam"
    }
},
{
    "model": "auth.permission",
    "pk": 98,
    "fields": {
        "name": "Can change session exam",
        "content_type": 33,
        "codename": "change_sessionexam"
    }
},
{
    "model": "auth.permission",
    "pk": 99,
    "fields": {
        "name": "Can delete session exam",
        "content_type": 33,
        "codename": "delete_sessionexam"
    }
},
{
    "model": "auth.permission",
    "pk": 100,
    "fields": {
        "name": "Can add structure address",
        "content_type": 34,
        "codename": "add_structureaddress"
    }
},
{
    "model": "auth.permission",
    "pk": 101,
    "fields": {
        "name": "Can change structure address",
        "content_type": 34,
        "codename": "change_structureaddress"
    }
},
{
    "model": "auth.permission",
    "pk": 102,
    "fields": {
        "name": "Can delete structure address",
        "content_type": 34,
        "codename": "delete_structureaddress"
    }
},
{
    "model": "auth.permission",
    "pk": 103,
    "fields": {
        "name": "Can add student",
        "content_type": 35,
        "codename": "add_student"
    }
},
{
    "model": "auth.permission",
    "pk": 104,
    "fields": {
        "name": "Can change student",
        "content_type": 35,
        "codename": "change_student"
    }
},
{
    "model": "auth.permission",
    "pk": 105,
    "fields": {
        "name": "Can delete student",
        "content_type": 35,
        "codename": "delete_student"
    }
},
{
    "model": "auth.permission",
    "pk": 106,
    "fields": {
        "name": "Can add tutor",
        "content_type": 36,
        "codename": "add_tutor"
    }
},
{
    "model": "auth.permission",
    "pk": 107,
    "fields": {
        "name": "Can change tutor",
        "content_type": 36,
        "codename": "change_tutor"
    }
},
{
    "model": "auth.permission",
    "pk": 108,
    "fields": {
        "name": "Can delete tutor",
        "content_type": 36,
        "codename": "delete_tutor"
    }
},
{
    "model": "auth.permission",
    "pk": 109,
    "fields": {
        "name": "Can add academic assistant",
        "content_type": 37,
        "codename": "add_academicassistant"
    }
},
{
    "model": "auth.permission",
    "pk": 110,
    "fields": {
        "name": "Can change academic assistant",
        "content_type": 37,
        "codename": "change_academicassistant"
    }
},
{
    "model": "auth.permission",
    "pk": 111,
    "fields": {
        "name": "Can delete academic assistant",
        "content_type": 37,
        "codename": "delete_academicassistant"
    }
},
{
    "model": "auth.permission",
    "pk": 112,
    "fields": {
        "name": "Can add assistant mandate",
        "content_type": 38,
        "codename": "add_assistantmandate"
    }
},
{
    "model": "auth.permission",
    "pk": 113,
    "fields": {
        "name": "Can change assistant mandate",
        "content_type": 38,
        "codename": "change_assistantmandate"
    }
},
{
    "model": "auth.permission",
    "pk": 114,
    "fields": {
        "name": "Can delete assistant mandate",
        "content_type": 38,
        "codename": "delete_assistantmandate"
    }
},
{
    "model": "auth.permission",
    "pk": 115,
    "fields": {
        "name": "Can add assistant document",
        "content_type": 39,
        "codename": "add_assistantdocument"
    }
},
{
    "model": "auth.permission",
    "pk": 116,
    "fields": {
        "name": "Can change assistant document",
        "content_type": 39,
        "codename": "change_assistantdocument"
    }
},
{
    "model": "auth.permission",
    "pk": 117,
    "fields": {
        "name": "Can delete assistant document",
        "content_type": 39,
        "codename": "delete_assistantdocument"
    }
},
{
    "model": "auth.permission",
    "pk": 118,
    "fields": {
        "name": "Can add tutoring learning unit year",
        "content_type": 40,
        "codename": "add_tutoringlearningunityear"
    }
},
{
    "model": "auth.permission",
    "pk": 119,
    "fields": {
        "name": "Can change tutoring learning unit year",
        "content_type": 40,
        "codename": "change_tutoringlearningunityear"
    }
},
{
    "model": "auth.permission",
    "pk": 120,
    "fields": {
        "name": "Can delete tutoring learning unit year",
        "content_type": 40,
        "codename": "delete_tutoringlearningunityear"
    }
},
{
    "model": "auth.permission",
    "pk": 121,
    "fields": {
        "name": "Can add review",
        "content_type": 41,
        "codename": "add_review"
    }
},
{
    "model": "auth.permission",
    "pk": 122,
    "fields": {
        "name": "Can change review",
        "content_type": 41,
        "codename": "change_review"
    }
},
{
    "model": "auth.permission",
    "pk": 123,
    "fields": {
        "name": "Can delete review",
        "content_type": 41,
        "codename": "delete_review"
    }
},
{
    "model": "auth.permission",
    "pk": 124,
    "fields": {
        "name": "Can add internship offer",
        "content_type": 42,
        "codename": "add_internshipoffer"
    }
},
{
    "model": "auth.permission",
    "pk": 125,
    "fields": {
        "name": "Can change internship offer",
        "content_type": 42,
        "codename": "change_internshipoffer"
    }
},
{
    "model": "auth.permission",
    "pk": 126,
    "fields": {
        "name": "Can delete internship offer",
        "content_type": 42,
        "codename": "delete_internshipoffer"
    }
},
{
    "model": "auth.permission",
    "pk": 127,
    "fields": {
        "name": "Can add internship enrollment",
        "content_type": 43,
        "codename": "add_internshipenrollment"
    }
},
{
    "model": "auth.permission",
    "pk": 128,
    "fields": {
        "name": "Can change internship enrollment",
        "content_type": 43,
        "codename": "change_internshipenrollment"
    }
},
{
    "model": "auth.permission",
    "pk": 129,
    "fields": {
        "name": "Can delete internship enrollment",
        "content_type": 43,
        "codename": "delete_internshipenrollment"
    }
},
{
    "model": "auth.permission",
    "pk": 130,
    "fields": {
        "name": "Can add internship master",
        "content_type": 44,
        "codename": "add_internshipmaster"
    }
},
{
    "model": "auth.permission",
    "pk": 131,
    "fields": {
        "name": "Can change internship master",
        "content_type": 44,
        "codename": "change_internshipmaster"
    }
},
{
    "model": "auth.permission",
    "pk": 132,
    "fields": {
        "name": "Can delete internship master",
        "content_type": 44,
        "codename": "delete_internshipmaster"
    }
},
{
    "model": "auth.permission",
    "pk": 133,
    "fields": {
        "name": "Can add internship choice",
        "content_type": 45,
        "codename": "add_internshipchoice"
    }
},
{
    "model": "auth.permission",
    "pk": 134,
    "fields": {
        "name": "Can change internship choice",
        "content_type": 45,
        "codename": "change_internshipchoice"
    }
},
{
    "model": "auth.permission",
    "pk": 135,
    "fields": {
        "name": "Can delete internship choice",
        "content_type": 45,
        "codename": "delete_internshipchoice"
    }
},
{
    "model": "auth.permission",
    "pk": 136,
    "fields": {
        "name": "Can add form",
        "content_type": 46,
        "codename": "add_form"
    }
},
{
    "model": "auth.permission",
    "pk": 137,
    "fields": {
        "name": "Can change form",
        "content_type": 46,
        "codename": "change_form"
    }
},
{
    "model": "auth.permission",
    "pk": 138,
    "fields": {
        "name": "Can delete form",
        "content_type": 46,
        "codename": "delete_form"
    }
},
{
    "model": "auth.permission",
    "pk": 139,
    "fields": {
        "name": "Can add option",
        "content_type": 47,
        "codename": "add_option"
    }
},
{
    "model": "auth.permission",
    "pk": 140,
    "fields": {
        "name": "Can change option",
        "content_type": 47,
        "codename": "change_option"
    }
},
{
    "model": "auth.permission",
    "pk": 141,
    "fields": {
        "name": "Can delete option",
        "content_type": 47,
        "codename": "delete_option"
    }
},
{
    "model": "auth.permission",
    "pk": 142,
    "fields": {
        "name": "Can add question",
        "content_type": 48,
        "codename": "add_question"
    }
},
{
    "model": "auth.permission",
    "pk": 143,
    "fields": {
        "name": "Can change question",
        "content_type": 48,
        "codename": "change_question"
    }
},
{
    "model": "auth.permission",
    "pk": 144,
    "fields": {
        "name": "Can delete question",
        "content_type": 48,
        "codename": "delete_question"
    }
},
{
    "model": "auth.user",
    "pk": 1,
    "fields": {
        "password": "pbkdf2_sha256$24000$7JdlzNoFLy9V$uwyZ8p/bNcMNBqKxPHcZiDGLrHuLNtnfXEuC9FaCPVI=",
        "last_login": "2016-05-03T18:31:56.340Z",
        "is_superuser": true,
        "username": "osis",
        "first_name": "Application",
        "last_name": "Osis",
        "email": "osis@uclouvain.be",
        "is_staff": true,
        "is_active": true,
        "date_joined": "2016-05-03T09:50:53Z",
        "groups": [],
        "user_permissions": []
    }
},
{
    "model": "auth.user",
    "pk": 2,
    "fields": {
        "password": "pbkdf2_sha256$24000$8tH5NxaXIgLc$8b0exIMe246ypJTEm+DNzqyECDKgV9zUzyQFdP9QKj8=",
        "last_login": "2016-05-03T18:24:18.168Z",
        "is_superuser": false,
        "username": "prof1",
        "first_name": "Philippe",
        "last_name": "Proffesseur1",
        "email": "prof1@uclouvain.be",
        "is_staff": false,
        "is_active": true,
        "date_joined": "2016-05-03T09:53:00Z",
        "groups": [],
        "user_permissions": []
    }
},
{
    "model": "auth.user",
    "pk": 3,
    "fields": {
        "password": "pbkdf2_sha256$24000$6Xus1k8XY6Ti$KFxtNIHZ9FCjwTyEEndcXpCOtA57Tugh3hrzRznUX8U=",
        "last_login": "2016-05-03T18:33:36.614Z",
        "is_superuser": false,
        "username": "prof2",
        "first_name": "M\u00e9lanie",
        "last_name": "Proffesseur2",
        "email": "prof2@uclouvain.be",
        "is_staff": false,
        "is_active": true,
        "date_joined": "2016-05-03T09:55:50Z",
        "groups": [],
        "user_permissions": []
    }
},
{
    "model": "auth.user",
    "pk": 4,
    "fields": {
        "password": "pbkdf2_sha256$24000$rgheA9zmqDEo$0gNN7AhR2WLdI+PM3xa7ugUI2KKEhcOmquBrWsoo/w0=",
        "last_login": null,
        "is_superuser": false,
        "username": "coord1",
        "first_name": "Estelle",
        "last_name": "Coordinateur1",
        "email": "coord1@uclouvain.be",
        "is_staff": false,
        "is_active": true,
        "date_joined": "2016-05-03T09:57:05Z",
        "groups": [],
        "user_permissions": []
    }
},
{
    "model": "auth.user",
    "pk": 5,
    "fields": {
        "password": "pbkdf2_sha256$24000$0lBAQETaLKlk$PhPTxjWUn5S3zPvkraiiPqSMI4YCqTR9MojglacROXM=",
        "last_login": null,
        "is_superuser": false,
        "username": "pgm1",
        "first_name": "Christian",
        "last_name": "Pgm Manager 1",
        "email": "pgm_manager1@uclouvain.be",
        "is_staff": false,
        "is_active": true,
        "date_joined": "2016-05-03T09:57:42Z",
        "groups": [],
        "user_permissions": []
    }
},
{
    "model": "auth.user",
    "pk": 6,
    "fields": {
        "password": "pbkdf2_sha256$24000$mNevco2aTOlJ$HF9w2iOBBhDon2CvN96HJ8LbMUHm8eVv1mhDMmWb4gQ=",
        "last_login": null,
        "is_superuser": false,
        "username": "etu1",
        "first_name": "Hafsa",
        "last_name": "Etudiant1",
        "email": "etudiant1@uclouvain.be",
        "is_staff": false,
        "is_active": true,
        "date_joined": "2016-05-03T09:58:31Z",
        "groups": [],
        "user_permissions": []
    }
},
{
    "model": "auth.user",
    "pk": 8,
    "fields": {
        "password": "pbkdf2_sha256$24000$8YO3u8IyOFh0$eYMnhbGvVgN4oX0sBOx5ULdWO+ipjuRZCM+5oskp6kw=",
        "last_login": "2016-05-03T18:31:42.178Z",
        "is_superuser": false,
        "username": "prof3",
        "first_name": "Cecilia",
        "last_name": "Proffesseur3",
        "email": "prof3@uclouvain.be",
        "is_staff": false,
        "is_active": true,
        "date_joined": "2016-05-03T17:49:14.368Z",
        "groups": [],
        "user_permissions": []
    }
},
{
    "model": "auth.user",
    "pk": 9,
    "fields": {
        "password": "pbkdf2_sha256$24000$QgU2Za52NgJy$TdV7+Lw0ox/oM4B4Eo4zakIMdZyKaIctfbKiGb41WVc=",
        "last_login": null,
        "is_superuser": false,
        "username": "prof4",
        "first_name": "Cybeline",
        "last_name": "Proffesseur4",
        "email": "prof4@uclouvain.be",
        "is_staff": false,
        "is_active": true,
        "date_joined": "2016-05-03T17:49:22.996Z",
        "groups": [],
        "user_permissions": []
    }
},
{
    "model": "auth.user",
    "pk": 10,
    "fields": {
        "password": "pbkdf2_sha256$24000$E45yKCe3H3tZ$IyWA55I8eNaSq7+6hcQ1t5OGdofHz/POAEgqqBBSOJA=",
        "last_login": null,
        "is_superuser": false,
        "username": "prof5",
        "first_name": "Leila",
        "last_name": "Proffesseur5",
        "email": "prof5@uclouvain.be",
        "is_staff": false,
        "is_active": true,
        "date_joined": "2016-05-03T17:49:33.172Z",
        "groups": [],
        "user_permissions": []
    }
},
{
    "model": "auth.user",
    "pk": 11,
    "fields": {
        "password": "pbkdf2_sha256$24000$28xt889yx2MD$oZUoQBj5/vSi/vACjCNh9uMVEkdnfvhDjjB7MKo0dgE=",
        "last_login": null,
        "is_superuser": false,
        "username": "coord2",
        "first_name": "Fabienne",
        "last_name": "Coordinateur2",
        "email": "coord2@uclouvain.be",
        "is_staff": false,
        "is_active": true,
        "date_joined": "2016-05-03T17:49:49.014Z",
        "groups": [],
        "user_permissions": []
    }
},
{
    "model": "auth.user",
    "pk": 12,
    "fields": {
        "password": "pbkdf2_sha256$24000$29evQhBHwpxg$np7JUjZStSgtsJSTccmVhofcbZ6J89FFqlSZY/U0UOs=",
        "last_login": null,
        "is_superuser": false,
        "username": "coord3",
        "first_name": "B\u00e9rang\u00e8re",
        "last_name": "Coordinateur3",
        "email": "coord3@uclouvain.be",
        "is_staff": false,
        "is_active": true,
        "date_joined": "2016-05-03T17:49:58.579Z",
        "groups": [],
        "user_permissions": []
    }
},
{
    "model": "auth.user",
    "pk": 13,
    "fields": {
        "password": "pbkdf2_sha256$24000$EHxwn8bBf8y3$MWY8+rGDaavhUl1prTIKipoNcn6izKIMumokECuHcIM=",
        "last_login": null,
        "is_superuser": false,
        "username": "coord4",
        "first_name": "Masha",
        "last_name": "Coordinateur4",
        "email": "coord4@uclouvain.be",
        "is_staff": false,
        "is_active": true,
        "date_joined": "2016-05-03T17:50:10.295Z",
        "groups": [],
        "user_permissions": []
    }
},
{
    "model": "auth.user",
    "pk": 14,
    "fields": {
        "password": "pbkdf2_sha256$24000$acmsClTL6jnI$ne5VXgmmtBMH9xgpMACKBHhRWBI2xQPqqjWh9olynow=",
        "last_login": null,
        "is_superuser": false,
        "username": "pgm2",
        "first_name": "Fran\u00e7ois",
        "last_name": "PgmManager2",
        "email": "pgm_manager2@uclouvain.be",
        "is_staff": false,
        "is_active": true,
        "date_joined": "2016-05-03T17:53:56.901Z",
        "groups": [],
        "user_permissions": []
    }
},
{
    "model": "auth.user",
    "pk": 15,
    "fields": {
        "password": "pbkdf2_sha256$24000$PftVYdnVLFiV$6Q3aWnt5yB9CI1SV8ub3ubR1oPKslUIvcDR1FoZJetg=",
        "last_login": null,
        "is_superuser": false,
        "username": "pgm3",
        "first_name": "Julie",
        "last_name": "PgmManager3",
        "email": "pgm_manager3@uclouvain.be",
        "is_staff": false,
        "is_active": true,
        "date_joined": "2016-05-03T17:54:03.792Z",
        "groups": [],
        "user_permissions": []
    }
},
{
    "model": "auth.user",
    "pk": 16,
    "fields": {
        "password": "pbkdf2_sha256$24000$PQr3f3wrKhBW$2zqfBhiXtFGrGHRpVfT6g/NrmTqaG1H4aFFNDt9s24E=",
        "last_login": null,
        "is_superuser": false,
        "username": "pgm4",
        "first_name": "Fleur",
        "last_name": "PgmManager4",
        "email": "pgm_manager4@uclouvain.be",
        "is_staff": false,
        "is_active": true,
        "date_joined": "2016-05-03T17:54:12.464Z",
        "groups": [],
        "user_permissions": []
    }
},
{
    "model": "auth.user",
    "pk": 17,
    "fields": {
        "password": "pbkdf2_sha256$24000$1Z3V0cU8rTJf$42BPlQQZ0KQaA84e1pniwv0y5tLr7c/l2NRYSLcULOk=",
        "last_login": null,
        "is_superuser": false,
        "username": "pgm5",
        "first_name": "Martin",
        "last_name": "PgmManager5",
        "email": "pgm_manager5@uclouvain.be",
        "is_staff": false,
        "is_active": true,
        "date_joined": "2016-05-03T17:54:23.332Z",
        "groups": [],
        "user_permissions": []
    }
},
{
    "model": "auth.user",
    "pk": 18,
    "fields": {
        "password": "pbkdf2_sha256$24000$AhlQFj2mXFNq$8hKZUyJGgjoEVQCpLv3f8UTektu06LO03pNH1M6+5cU=",
        "last_login": null,
        "is_superuser": false,
        "username": "coord5",
        "first_name": "N\u00e9lia",
        "last_name": "Coordinateur5",
        "email": "coord5@uclouvain.be",
        "is_staff": false,
        "is_active": true,
        "date_joined": "2016-05-03T17:56:27Z",
        "groups": [],
        "user_permissions": []
    }
},
{
    "model": "base.person",
    "pk": 1,
    "fields": {
        "external_id": null,
        "changed": "2016-05-03T10:04:17.992Z",
        "user": 4,
        "global_id": "44444444",
        "gender": "F",
        "national_id": "44444444",
        "first_name": "Estelle",
        "middle_name": "",
        "last_name": "Coordinateur1",
        "email": "coord1@uclouvain.be",
        "phone": "",
        "phone_mobile": "",
        "language": "fr-be"
    }
},
{
    "model": "base.person",
    "pk": 2,
    "fields": {
        "external_id": null,
        "changed": "2016-05-03T10:05:07.533Z",
        "user": 6,
        "global_id": "666666",
        "gender": "F",
        "national_id": "666666",
        "first_name": "Hafsa",
        "middle_name": "",
        "last_name": "Etudiant1",
        "email": "etudiant1@uclouvain.be",
        "phone": "",
        "phone_mobile": "",
        "language": "fr-be"
    }
},
{
    "model": "base.person",
    "pk": 3,
    "fields": {
        "external_id": null,
        "changed": "2016-05-03T10:06:01.035Z",
        "user": 5,
        "global_id": "5555555",
        "gender": "M",
        "national_id": "5555555",
        "first_name": "Christian",
        "middle_name": "",
        "last_name": "Pgm Manager 1",
        "email": "pgm_manager1@uclouvain.be",
        "phone": "",
        "phone_mobile": "",
        "language": "en"
    }
},
{
    "model": "base.person",
    "pk": 4,
    "fields": {
        "external_id": null,
        "changed": "2016-05-03T10:06:34.299Z",
        "user": 2,
        "global_id": "222222",
        "gender": "M",
        "national_id": "222222",
        "first_name": "Philippe",
        "middle_name": "",
        "last_name": "Proffesseur1",
        "email": "prof1@uclouvain.be",
        "phone": "",
        "phone_mobile": "",
        "language": "fr-be"
    }
},
{
    "model": "base.person",
    "pk": 5,
    "fields": {
        "external_id": null,
        "changed": "2016-05-03T10:07:07.766Z",
        "user": 3,
        "global_id": "3333333",
        "gender": "F",
        "national_id": "3333333",
        "first_name": "M\u00e9lanie",
        "middle_name": "",
        "last_name": "Proffesseur2",
        "email": "prof2@uclouvain.be",
        "phone": "",
        "phone_mobile": "",
        "language": "en"
    }
},
{
    "model": "base.person",
    "pk": 7,
    "fields": {
        "external_id": null,
        "changed": "2016-05-03T17:59:02.393Z",
        "user": 8,
        "global_id": "77777777",
        "gender": "F",
        "national_id": "77777777",
        "first_name": "Cecilia",
        "middle_name": "",
        "last_name": "Proffesseur3",
        "email": "prof3@uclouvain.be",
        "phone": "",
        "phone_mobile": "",
        "language": "fr-be"
    }
},
{
    "model": "base.person",
    "pk": 8,
    "fields": {
        "external_id": null,
        "changed": "2016-05-03T17:58:50.545Z",
        "user": 9,
        "global_id": "8888888",
        "gender": "F",
        "national_id": "8888888",
        "first_name": "Cybeline",
        "middle_name": "",
        "last_name": "Proffesseur4",
        "email": "prof4@uclouvain.be",
        "phone": "",
        "phone_mobile": "",
        "language": "fr-be"
    }
},
{
    "model": "base.person",
    "pk": 9,
    "fields": {
        "external_id": null,
        "changed": "2016-05-03T17:58:43.226Z",
        "user": 10,
        "global_id": "9999999",
        "gender": "F",
        "national_id": "9999999",
        "first_name": "Leila",
        "middle_name": "",
        "last_name": "Proffesseur5",
        "email": "prof5@uclouvain.be",
        "phone": "",
        "phone_mobile": "",
        "language": "fr-be"
    }
},
{
    "model": "base.person",
    "pk": 10,
    "fields": {
        "external_id": null,
        "changed": "2016-05-03T10:04:17.992Z",
        "user": null,
        "global_id": "10101010",
        "gender": "M",
        "national_id": "10101010",
        "first_name": "Leila",
        "middle_name": "",
        "last_name": "Robert",
        "email": "prof6@uclouvain.be",
        "phone": "",
        "phone_mobile": "",
        "language": "fr-be"
    }
},
{
    "model": "base.person",
    "pk": 11,
    "fields": {
        "external_id": null,
        "changed": "2016-05-03T17:57:54.397Z",
        "user": 11,
        "global_id": "011101111",
        "gender": "F",
        "national_id": "011101111",
        "first_name": "Fabienne",
        "middle_name": "",
        "last_name": "Coordinateur2",
        "email": "coord2@uclouvain.be",
        "phone": "",
        "phone_mobile": "",
        "language": "fr-be"
    }
},
{
    "model": "base.person",
    "pk": 12,
    "fields": {
        "external_id": null,
        "changed": "2016-05-03T17:57:47.542Z",
        "user": 12,
        "global_id": "121212121",
        "gender": "F",
        "national_id": "121212121",
        "first_name": "B\u00e9rang\u00e8re",
        "middle_name": "",
        "last_name": "Coordinateur3",
        "email": "coord3@uclouvain.be",
        "phone": "",
        "phone_mobile": "",
        "language": "fr-be"
    }
},
{
    "model": "base.person",
    "pk": 13,
    "fields": {
        "external_id": null,
        "changed": "2016-05-03T17:57:41.300Z",
        "user": 13,
        "global_id": "13",
        "gender": "F",
        "national_id": "121212121",
        "first_name": "Masha",
        "middle_name": "",
        "last_name": "Coordinateur4",
        "email": "coord4@uclouvain.be",
        "phone": "",
        "phone_mobile": "",
        "language": "fr-be"
    }
},
{
    "model": "base.person",
    "pk": 14,
    "fields": {
        "external_id": null,
        "changed": "2016-05-03T17:57:34.368Z",
        "user": 18,
        "global_id": "14",
        "gender": "F",
        "national_id": "121212121",
        "first_name": "N\u00e9lia",
        "middle_name": "",
        "last_name": "Coordinateur5",
        "email": "coord5@uclouvain.be",
        "phone": "",
        "phone_mobile": "",
        "language": "fr-be"
    }
},
{
    "model": "base.person",
    "pk": 15,
    "fields": {
        "external_id": null,
        "changed": "2016-05-03T17:55:14.159Z",
        "user": 14,
        "global_id": "15",
        "gender": "M",
        "national_id": "121212121",
        "first_name": "Fran\u00e7ois",
        "middle_name": "",
        "last_name": "PgmManager2",
        "email": "pgm_manager2@uclouvain.be",
        "phone": "",
        "phone_mobile": "",
        "language": "en"
    }
},
{
    "model": "base.person",
    "pk": 16,
    "fields": {
        "external_id": null,
        "changed": "2016-05-03T17:55:06.333Z",
        "user": 15,
        "global_id": "16",
        "gender": "F",
        "national_id": "121212121",
        "first_name": "Julie",
        "middle_name": "",
        "last_name": "PgmManager3",
        "email": "pgm_manager3@uclouvain.be",
        "phone": "",
        "phone_mobile": "",
        "language": "en"
    }
},
{
    "model": "base.person",
    "pk": 17,
    "fields": {
        "external_id": null,
        "changed": "2016-05-03T17:54:58.384Z",
        "user": 16,
        "global_id": "17",
        "gender": "F",
        "national_id": "121212121",
        "first_name": "Fleur",
        "middle_name": "",
        "last_name": "PgmManager4",
        "email": "pgm_manager4@uclouvain.be",
        "phone": "",
        "phone_mobile": "",
        "language": "en"
    }
},
{
    "model": "base.person",
    "pk": 18,
    "fields": {
        "external_id": null,
        "changed": "2016-05-03T17:54:52.284Z",
        "user": 17,
        "global_id": "18",
        "gender": "M",
        "national_id": "121212121",
        "first_name": "Martin",
        "middle_name": "",
        "last_name": "PgmManager5",
        "email": "pgm_manager5@uclouvain.be",
        "phone": "",
        "phone_mobile": "",
        "language": "en"
    }
},
{
    "model": "base.person",
    "pk": 19,
    "fields": {
        "external_id": null,
        "changed": "2016-05-03T10:05:07.533Z",
        "user": null,
        "global_id": "19",
        "gender": "F",
        "national_id": "121212121",
        "first_name": "Sarah",
        "middle_name": "",
        "last_name": "Etudiant2",
        "email": "etudiant2@uclouvain.be",
        "phone": "",
        "phone_mobile": "",
        "language": "fr-be"
    }
},
{
    "model": "base.person",
    "pk": 20,
    "fields": {
        "external_id": null,
        "changed": "2016-05-03T10:05:07.533Z",
        "user": null,
        "global_id": "20",
        "gender": "M",
        "national_id": "121212121",
        "first_name": "Armand",
        "middle_name": "",
        "last_name": "Etudiant3",
        "email": "etudiant3@uclouvain.be",
        "phone": "",
        "phone_mobile": "",
        "language": "fr-be"
    }
},
{
    "model": "base.person",
    "pk": 21,
    "fields": {
        "external_id": null,
        "changed": "2016-05-03T10:05:07.533Z",
        "user": null,
        "global_id": "21",
        "gender": "F",
        "national_id": "121212121",
        "first_name": "Sophie",
        "middle_name": "",
        "last_name": "Etudiant4",
        "email": "etudiant4@uclouvain.be",
        "phone": "",
        "phone_mobile": "",
        "language": "fr-be"
    }
},
{
    "model": "base.person",
    "pk": 22,
    "fields": {
        "external_id": null,
        "changed": "2016-05-03T10:05:07.533Z",
        "user": null,
        "global_id": "22",
        "gender": "M",
        "national_id": "121212121",
        "first_name": "Karim",
        "middle_name": "",
        "last_name": "Etudiant5",
        "email": "etudiant5@uclouvain.be",
        "phone": "",
        "phone_mobile": "",
        "language": "fr-be"
    }
},
{
    "model": "base.person",
    "pk": 23,
    "fields": {
        "external_id": null,
        "changed": "2016-05-03T10:05:07.533Z",
        "user": null,
        "global_id": "23",
        "gender": "F",
        "national_id": "121212121",
        "first_name": "Amandine",
        "middle_name": "",
        "last_name": "Etudiant6",
        "email": "etudiant6@uclouvain.be",
        "phone": "",
        "phone_mobile": "",
        "language": "fr-be"
    }
},
{
    "model": "base.person",
    "pk": 24,
    "fields": {
        "external_id": null,
        "changed": "2016-05-03T10:05:07.533Z",
        "user": null,
        "global_id": "24",
        "gender": "M",
        "national_id": "121212121",
        "first_name": "Ernesto",
        "middle_name": "",
        "last_name": "Etudiant7",
        "email": "etudiant7@uclouvain.be",
        "phone": "",
        "phone_mobile": "",
        "language": "fr-be"
    }
},
{
    "model": "base.person",
    "pk": 25,
    "fields": {
        "external_id": null,
        "changed": "2016-05-03T10:05:07.533Z",
        "user": null,
        "global_id": "25",
        "gender": "F",
        "national_id": "121212121",
        "first_name": "Soti",
        "middle_name": "",
        "last_name": "Etudiant8",
        "email": "etudiant8@uclouvain.be",
        "phone": "",
        "phone_mobile": "",
        "language": "fr-be"
    }
},
{
    "model": "base.person",
    "pk": 26,
    "fields": {
        "external_id": null,
        "changed": "2016-05-03T10:05:07.533Z",
        "user": null,
        "global_id": "26",
        "gender": "M",
        "national_id": "121212121",
        "first_name": "Christophe",
        "middle_name": "",
        "last_name": "Etudiant9",
        "email": "etudiant9@uclouvain.be",
        "phone": "",
        "phone_mobile": "",
        "language": "fr-be"
    }
},
{
    "model": "base.person",
    "pk": 27,
    "fields": {
        "external_id": null,
        "changed": "2016-05-03T10:05:07.533Z",
        "user": null,
        "global_id": "27",
        "gender": "F",
        "national_id": "121212121",
        "first_name": "Camelia",
        "middle_name": "",
        "last_name": "Etudiant10",
        "email": "etudiant10@uclouvain.be",
        "phone": "",
        "phone_mobile": "",
        "language": "fr-be"
    }
},
{
    "model": "base.person",
    "pk": 28,
    "fields": {
        "external_id": null,
        "changed": "2016-05-03T10:05:07.533Z",
        "user": null,
        "global_id": "28",
        "gender": "M",
        "national_id": "121212121",
        "first_name": "Endo",
        "middle_name": "",
        "last_name": "Etudiant11",
        "email": "etudiant11@uclouvain.be",
        "phone": "",
        "phone_mobile": "",
        "language": "fr-be"
    }
},
{
    "model": "base.person",
    "pk": 29,
    "fields": {
        "external_id": null,
        "changed": "2016-05-03T10:05:07.533Z",
        "user": null,
        "global_id": "29",
        "gender": "F",
        "national_id": "121212121",
        "first_name": "Sakura",
        "middle_name": "",
        "last_name": "Etudiant12",
        "email": "etudiant12@uclouvain.be",
        "phone": "",
        "phone_mobile": "",
        "language": "fr-be"
    }
},
{
    "model": "base.person",
    "pk": 30,
    "fields": {
        "external_id": null,
        "changed": "2016-05-03T10:05:07.533Z",
        "user": null,
        "global_id": "30",
        "gender": "M",
        "national_id": "121212121",
        "first_name": "Ibrahim",
        "middle_name": "",
        "last_name": "Etudiant13",
        "email": "etudiant13@uclouvain.be",
        "phone": "",
        "phone_mobile": "",
        "language": "fr-be"
    }
},
{
    "model": "base.person",
    "pk": 31,
    "fields": {
        "external_id": null,
        "changed": "2016-05-03T10:05:07.533Z",
        "user": null,
        "global_id": "31",
        "gender": "F",
        "national_id": "121212121",
        "first_name": "Khadija",
        "middle_name": "",
        "last_name": "Etudiant14",
        "email": "etudiant14@uclouvain.be",
        "phone": "",
        "phone_mobile": "",
        "language": "fr-be"
    }
},
{
    "model": "base.person",
    "pk": 32,
    "fields": {
        "external_id": null,
        "changed": "2016-05-03T10:05:07.533Z",
        "user": null,
        "global_id": "32",
        "gender": "M",
        "national_id": "121212121",
        "first_name": "Hiroyuchi",
        "middle_name": "",
        "last_name": "Etudiant15",
        "email": "etudiant15@uclouvain.be",
        "phone": "",
        "phone_mobile": "",
        "language": "fr-be"
    }
},
{
    "model": "admin.logentry",
    "pk": 1,
    "fields": {
        "action_time": "2016-05-03T10:40:11.599Z",
        "user": 1,
        "content_type": 4,
        "object_id": "1",
        "object_repr": "osis",
        "action_flag": 2,
        "change_message": "Modification de password."
    }
},
{
    "model": "admin.logentry",
    "pk": 2,
    "fields": {
        "action_time": "2016-05-03T10:41:09.712Z",
        "user": 1,
        "content_type": 22,
        "object_id": "1",
        "object_repr": "2015-2016 - LDUAL4355 - Elektrische actuatoren: gevorderde aspecten en toepassingen m.i.v. transport (Katholieke Universiteit te Leuven)\r",
        "action_flag": 1,
        "change_message": "Ajout."
    }
},
{
    "model": "admin.logentry",
    "pk": 3,
    "fields": {
        "action_time": "2016-05-03T10:41:45.156Z",
        "user": 1,
        "content_type": 22,
        "object_id": "2",
        "object_repr": "2015-2016 - XUPMA1104 - Estudios de mercado y gesti\u00f3n de calidad en la industria alimentaria",
        "action_flag": 1,
        "change_message": "Ajout."
    }
},
{
    "model": "admin.logentry",
    "pk": 4,
    "fields": {
        "action_time": "2016-05-03T10:42:11.375Z",
        "user": 1,
        "content_type": 22,
        "object_id": "3",
        "object_repr": "2015-2016 - LDUAL4367 - Ontwerp van constructiecomponenten: beton, deel 2 (Katholieke Universiteit te Leuven)\r",
        "action_flag": 1,
        "change_message": "Ajout."
    }
},
{
    "model": "admin.logentry",
    "pk": 5,
    "fields": {
        "action_time": "2016-05-03T10:42:44.672Z",
        "user": 1,
        "content_type": 22,
        "object_id": "4",
        "object_repr": "2015-2016 - LBIR2000A - Stage en Master: partim A",
        "action_flag": 1,
        "change_message": "Ajout."
    }
},
{
    "model": "admin.logentry",
    "pk": 6,
    "fields": {
        "action_time": "2016-05-03T10:43:19.364Z",
        "user": 1,
        "content_type": 22,
        "object_id": "5",
        "object_repr": "2015-2016 - LBIR1320B - S\u00e9minaires de chimie analytique",
        "action_flag": 1,
        "change_message": "Ajout."
    }
},
{
    "model": "admin.logentry",
    "pk": 7,
    "fields": {
        "action_time": "2016-05-03T10:43:50.944Z",
        "user": 1,
        "content_type": 22,
        "object_id": "6",
        "object_repr": "2015-2016 - LSINF1211 - Introduction aux syst\u00e8mes d'information",
        "action_flag": 1,
        "change_message": "Ajout."
    }
},
{
    "model": "admin.logentry",
    "pk": 8,
    "fields": {
        "action_time": "2016-05-03T10:44:13.868Z",
        "user": 1,
        "content_type": 22,
        "object_id": "7",
        "object_repr": "2015-2016 - LPSPG1021 - S\u00e9minaire approfondi: Questions approfondies de psychologie de la personnalit\u00e9",
        "action_flag": 1,
        "change_message": "Ajout."
    }
},
{
    "model": "admin.logentry",
    "pk": 9,
    "fields": {
        "action_time": "2016-05-03T10:44:47.180Z",
        "user": 1,
        "content_type": 22,
        "object_id": "8",
        "object_repr": "2015-2016 - LELTR7911 - Traduccion espanol-franc\u00e9s (105620) (6)",
        "action_flag": 1,
        "change_message": "Ajout."
    }
},
{
    "model": "admin.logentry",
    "pk": 10,
    "fields": {
        "action_time": "2016-05-03T10:45:23.986Z",
        "user": 1,
        "content_type": 22,
        "object_id": "9",
        "object_repr": "2015-2016 - LMEM2110 - Recent Continental Philosophy",
        "action_flag": 1,
        "change_message": "Ajout."
    }
},
{
    "model": "admin.logentry",
    "pk": 11,
    "fields": {
        "action_time": "2016-05-03T10:45:47.048Z",
        "user": 1,
        "content_type": 22,
        "object_id": "10",
        "object_repr": "2015-2016 - LULBG2454 - Spectroscopie atmosph\u00e9rique et t\u00e9l\u00e9d\u00e9tection spatiale (ULB)",
        "action_flag": 1,
        "change_message": "Ajout."
    }
},
{
    "model": "admin.logentry",
    "pk": 12,
    "fields": {
        "action_time": "2016-05-03T12:22:03.325Z",
        "user": 1,
        "content_type": 24,
        "object_id": "1",
        "object_repr": "OSIS1BA",
        "action_flag": 1,
        "change_message": "Ajout."
    }
},
{
    "model": "admin.logentry",
    "pk": 13,
    "fields": {
        "action_time": "2016-05-03T12:22:35.422Z",
        "user": 1,
        "content_type": 30,
        "object_id": "1",
        "object_repr": "Osis Test",
        "action_flag": 1,
        "change_message": "Ajout."
    }
},
{
    "model": "admin.logentry",
    "pk": 14,
    "fields": {
        "action_time": "2016-05-03T12:22:39.526Z",
        "user": 1,
        "content_type": 26,
        "object_id": "1",
        "object_repr": "OSIS - OSIS",
        "action_flag": 1,
        "change_message": "Ajout."
    }
},
{
    "model": "admin.logentry",
    "pk": 15,
    "fields": {
        "action_time": "2016-05-03T12:23:18.854Z",
        "user": 1,
        "content_type": 28,
        "object_id": "1",
        "object_repr": "2015-2016 - OSIS1BA",
        "action_flag": 1,
        "change_message": "Ajout."
    }
},
{
    "model": "admin.logentry",
    "pk": 16,
    "fields": {
        "action_time": "2016-05-03T12:23:38.694Z",
        "user": 1,
        "content_type": 27,
        "object_id": "1",
        "object_repr": "PGMMANAGER5, Martin  - 2015-2016 - OSIS1BA",
        "action_flag": 1,
        "change_message": "Ajout."
    }
},
{
    "model": "admin.logentry",
    "pk": 17,
    "fields": {
        "action_time": "2016-05-03T12:24:05.207Z",
        "user": 1,
        "content_type": 27,
        "object_id": "2",
        "object_repr": "PGMMANAGER4, Fleur  - 2015-2016 - OSIS1BA",
        "action_flag": 1,
        "change_message": "Ajout."
    }
},
{
    "model": "admin.logentry",
    "pk": 18,
    "fields": {
        "action_time": "2016-05-03T12:24:46.362Z",
        "user": 1,
        "content_type": 24,
        "object_id": "2",
        "object_repr": "OSIS2M",
        "action_flag": 1,
        "change_message": "Ajout."
    }
},
{
    "model": "admin.logentry",
    "pk": 19,
    "fields": {
        "action_time": "2016-05-03T12:25:00.740Z",
        "user": 1,
        "content_type": 28,
        "object_id": "2",
        "object_repr": "2015-2016 - OSIS2M",
        "action_flag": 1,
        "change_message": "Ajout."
    }
},
{
    "model": "admin.logentry",
    "pk": 20,
    "fields": {
        "action_time": "2016-05-03T12:25:04.333Z",
        "user": 1,
        "content_type": 27,
        "object_id": "3",
        "object_repr": "PGMMANAGER3, Julie  - 2015-2016 - OSIS2M",
        "action_flag": 1,
        "change_message": "Ajout."
    }
},
{
    "model": "admin.logentry",
    "pk": 21,
    "fields": {
        "action_time": "2016-05-03T12:25:39.394Z",
        "user": 1,
        "content_type": 27,
        "object_id": "4",
        "object_repr": "PGMMANAGER2, Fran\u00e7ois  - 2015-2016 - OSIS2M",
        "action_flag": 1,
        "change_message": "Ajout."
    }
},
{
    "model": "admin.logentry",
    "pk": 22,
    "fields": {
        "action_time": "2016-05-03T12:26:18.945Z",
        "user": 1,
        "content_type": 36,
        "object_id": "1",
        "object_repr": "COORDINATEUR5, N\u00e9lia ",
        "action_flag": 1,
        "change_message": "Ajout."
    }
},
{
    "model": "admin.logentry",
    "pk": 23,
    "fields": {
        "action_time": "2016-05-03T12:26:26.240Z",
        "user": 1,
        "content_type": 36,
        "object_id": "2",
        "object_repr": "COORDINATEUR4, Masha ",
        "action_flag": 1,
        "change_message": "Ajout."
    }
},
{
    "model": "admin.logentry",
    "pk": 24,
    "fields": {
        "action_time": "2016-05-03T12:26:35.115Z",
        "user": 1,
        "content_type": 36,
        "object_id": "3",
        "object_repr": "COORDINATEUR3, B\u00e9rang\u00e8re ",
        "action_flag": 1,
        "change_message": "Ajout."
    }
},
{
    "model": "admin.logentry",
    "pk": 25,
    "fields": {
        "action_time": "2016-05-03T12:26:46.206Z",
        "user": 1,
        "content_type": 36,
        "object_id": "4",
        "object_repr": "COORDINATEUR2, Fabienne ",
        "action_flag": 1,
        "change_message": "Ajout."
    }
},
{
    "model": "admin.logentry",
    "pk": 26,
    "fields": {
        "action_time": "2016-05-03T12:27:07.598Z",
        "user": 1,
        "content_type": 36,
        "object_id": "5",
        "object_repr": "PROFFESSEUR5, Leila ",
        "action_flag": 1,
        "change_message": "Ajout."
    }
},
{
    "model": "admin.logentry",
    "pk": 27,
    "fields": {
        "action_time": "2016-05-03T12:27:15.364Z",
        "user": 1,
        "content_type": 36,
        "object_id": "6",
        "object_repr": "PROFFESSEUR4, Cybeline ",
        "action_flag": 1,
        "change_message": "Ajout."
    }
},
{
    "model": "admin.logentry",
    "pk": 28,
    "fields": {
        "action_time": "2016-05-03T12:27:25.020Z",
        "user": 1,
        "content_type": 36,
        "object_id": "7",
        "object_repr": "PROFFESSEUR3, Cecilia ",
        "action_flag": 1,
        "change_message": "Ajout."
    }
},
{
    "model": "admin.logentry",
    "pk": 29,
    "fields": {
        "action_time": "2016-05-03T12:27:42.594Z",
        "user": 1,
        "content_type": 36,
        "object_id": "8",
        "object_repr": "PROFFESSEUR2, M\u00e9lanie ",
        "action_flag": 1,
        "change_message": "Ajout."
    }
},
{
    "model": "admin.logentry",
    "pk": 30,
    "fields": {
        "action_time": "2016-05-03T12:27:48.342Z",
        "user": 1,
        "content_type": 36,
        "object_id": "9",
        "object_repr": "PROFFESSEUR1, Philippe ",
        "action_flag": 1,
        "change_message": "Ajout."
    }
},
{
    "model": "admin.logentry",
    "pk": 31,
    "fields": {
        "action_time": "2016-05-03T12:28:00.640Z",
        "user": 1,
        "content_type": 36,
        "object_id": "10",
        "object_repr": "COORDINATEUR1, Estelle ",
        "action_flag": 1,
        "change_message": "Ajout."
    }
},
{
    "model": "admin.logentry",
    "pk": 32,
    "fields": {
        "action_time": "2016-05-03T12:33:49.279Z",
        "user": 1,
        "content_type": 29,
        "object_id": "1",
        "object_repr": "2015-2016 Submission of academic dissertations - exam sess 1 - 2015-2016 - OSIS1BA",
        "action_flag": 1,
        "change_message": "Ajout."
    }
},
{
    "model": "admin.logentry",
    "pk": 33,
    "fields": {
        "action_time": "2016-05-03T13:16:01.055Z",
        "user": 1,
        "content_type": 14,
        "object_id": "1",
        "object_repr": "COORDINATEUR1, Estelle  - COORDINATOR",
        "action_flag": 1,
        "change_message": "Ajout."
    }
},
{
    "model": "admin.logentry",
    "pk": 34,
    "fields": {
        "action_time": "2016-05-03T13:16:29.845Z",
        "user": 1,
        "content_type": 14,
        "object_id": "2",
        "object_repr": "COORDINATEUR1, Estelle  - COORDINATOR",
        "action_flag": 1,
        "change_message": "Ajout."
    }
},
{
    "model": "admin.logentry",
    "pk": 35,
    "fields": {
        "action_time": "2016-05-03T13:16:50.907Z",
        "user": 1,
        "content_type": 14,
        "object_id": "3",
        "object_repr": "COORDINATEUR2, Fabienne  - COORDINATOR",
        "action_flag": 1,
        "change_message": "Ajout."
    }
},
{
    "model": "admin.logentry",
    "pk": 36,
    "fields": {
        "action_time": "2016-05-03T13:17:44.123Z",
        "user": 1,
        "content_type": 14,
        "object_id": "4",
        "object_repr": "COORDINATEUR2, Fabienne  - COORDINATOR",
        "action_flag": 1,
        "change_message": "Ajout."
    }
},
{
    "model": "admin.logentry",
    "pk": 37,
    "fields": {
        "action_time": "2016-05-03T13:18:12.154Z",
        "user": 1,
        "content_type": 14,
        "object_id": "5",
        "object_repr": "COORDINATEUR3, B\u00e9rang\u00e8re  - COORDINATOR",
        "action_flag": 1,
        "change_message": "Ajout."
    }
},
{
    "model": "admin.logentry",
    "pk": 38,
    "fields": {
        "action_time": "2016-05-03T13:18:56.520Z",
        "user": 1,
        "content_type": 14,
        "object_id": "6",
        "object_repr": "COORDINATEUR3, B\u00e9rang\u00e8re  - COORDINATOR",
        "action_flag": 1,
        "change_message": "Ajout."
    }
},
{
    "model": "admin.logentry",
    "pk": 39,
    "fields": {
        "action_time": "2016-05-03T13:19:26.636Z",
        "user": 1,
        "content_type": 14,
        "object_id": "7",
        "object_repr": "COORDINATEUR4, Masha  - COORDINATOR",
        "action_flag": 1,
        "change_message": "Ajout."
    }
},
{
    "model": "admin.logentry",
    "pk": 40,
    "fields": {
        "action_time": "2016-05-03T13:19:48.973Z",
        "user": 1,
        "content_type": 14,
        "object_id": "8",
        "object_repr": "COORDINATEUR4, Masha  - COORDINATOR",
        "action_flag": 1,
        "change_message": "Ajout."
    }
},
{
    "model": "admin.logentry",
    "pk": 41,
    "fields": {
        "action_time": "2016-05-03T13:20:31.132Z",
        "user": 1,
        "content_type": 14,
        "object_id": "9",
        "object_repr": "COORDINATEUR5, N\u00e9lia  - COORDINATOR",
        "action_flag": 1,
        "change_message": "Ajout."
    }
},
{
    "model": "admin.logentry",
    "pk": 42,
    "fields": {
        "action_time": "2016-05-03T13:20:50.374Z",
        "user": 1,
        "content_type": 14,
        "object_id": "10",
        "object_repr": "COORDINATEUR5, N\u00e9lia  - COORDINATOR",
        "action_flag": 1,
        "change_message": "Ajout."
    }
},
{
    "model": "admin.logentry",
    "pk": 43,
    "fields": {
        "action_time": "2016-05-03T13:21:17.752Z",
        "user": 1,
        "content_type": 14,
        "object_id": "11",
        "object_repr": "PROFFESSEUR1, Philippe  - PROFESSOR",
        "action_flag": 1,
        "change_message": "Ajout."
    }
},
{
    "model": "admin.logentry",
    "pk": 44,
    "fields": {
        "action_time": "2016-05-03T13:21:30.307Z",
        "user": 1,
        "content_type": 14,
        "object_id": "12",
        "object_repr": "PROFFESSEUR1, Philippe  - PROFESSOR",
        "action_flag": 1,
        "change_message": "Ajout."
    }
},
{
    "model": "admin.logentry",
    "pk": 45,
    "fields": {
        "action_time": "2016-05-03T13:21:47.165Z",
        "user": 1,
        "content_type": 14,
        "object_id": "13",
        "object_repr": "PROFFESSEUR1, Philippe  - PROFESSOR",
        "action_flag": 1,
        "change_message": "Ajout."
    }
},
{
    "model": "admin.logentry",
    "pk": 46,
    "fields": {
        "action_time": "2016-05-03T13:22:07.297Z",
        "user": 1,
        "content_type": 14,
        "object_id": "14",
        "object_repr": "PROFFESSEUR2, M\u00e9lanie  - PROFESSOR",
        "action_flag": 1,
        "change_message": "Ajout."
    }
},
{
    "model": "admin.logentry",
    "pk": 47,
    "fields": {
        "action_time": "2016-05-03T13:22:22.754Z",
        "user": 1,
        "content_type": 14,
        "object_id": "15",
        "object_repr": "PROFFESSEUR2, M\u00e9lanie  - PROFESSOR",
        "action_flag": 1,
        "change_message": "Ajout."
    }
},
{
    "model": "admin.logentry",
    "pk": 48,
    "fields": {
        "action_time": "2016-05-03T13:22:44.450Z",
        "user": 1,
        "content_type": 14,
        "object_id": "16",
        "object_repr": "PROFFESSEUR2, M\u00e9lanie  - PROFESSOR",
        "action_flag": 1,
        "change_message": "Ajout."
    }
},
{
    "model": "admin.logentry",
    "pk": 49,
    "fields": {
        "action_time": "2016-05-03T13:22:55.057Z",
        "user": 1,
        "content_type": 14,
        "object_id": "16",
        "object_repr": "PROFFESSEUR2, M\u00e9lanie  - PROFESSOR",
        "action_flag": 2,
        "change_message": "Modification de learning_unit."
    }
},
{
    "model": "admin.logentry",
    "pk": 50,
    "fields": {
        "action_time": "2016-05-03T13:23:18.949Z",
        "user": 1,
        "content_type": 14,
        "object_id": "17",
        "object_repr": "PROFFESSEUR3, Cecilia  - PROFESSOR",
        "action_flag": 1,
        "change_message": "Ajout."
    }
},
{
    "model": "admin.logentry",
    "pk": 51,
    "fields": {
        "action_time": "2016-05-03T13:23:39.326Z",
        "user": 1,
        "content_type": 14,
        "object_id": "18",
        "object_repr": "PROFFESSEUR3, Cecilia  - PROFESSOR",
        "action_flag": 1,
        "change_message": "Ajout."
    }
},
{
    "model": "admin.logentry",
    "pk": 52,
    "fields": {
        "action_time": "2016-05-03T13:23:53.803Z",
        "user": 1,
        "content_type": 14,
        "object_id": "19",
        "object_repr": "PROFFESSEUR3, Cecilia  - PROFESSOR",
        "action_flag": 1,
        "change_message": "Ajout."
    }
},
{
    "model": "admin.logentry",
    "pk": 53,
    "fields": {
        "action_time": "2016-05-03T13:24:12.312Z",
        "user": 1,
        "content_type": 14,
        "object_id": "20",
        "object_repr": "PROFFESSEUR4, Cybeline  - PROFESSOR",
        "action_flag": 1,
        "change_message": "Ajout."
    }
},
{
    "model": "admin.logentry",
    "pk": 54,
    "fields": {
        "action_time": "2016-05-03T13:24:28.207Z",
        "user": 1,
        "content_type": 14,
        "object_id": "21",
        "object_repr": "PROFFESSEUR4, Cybeline  - PROFESSOR",
        "action_flag": 1,
        "change_message": "Ajout."
    }
},
{
    "model": "admin.logentry",
    "pk": 55,
    "fields": {
        "action_time": "2016-05-03T13:25:17.212Z",
        "user": 1,
        "content_type": 14,
        "object_id": "22",
        "object_repr": "PROFFESSEUR4, Cybeline  - PROFESSOR",
        "action_flag": 1,
        "change_message": "Ajout."
    }
},
{
    "model": "admin.logentry",
    "pk": 56,
    "fields": {
        "action_time": "2016-05-03T13:25:33.679Z",
        "user": 1,
        "content_type": 14,
        "object_id": "23",
        "object_repr": "PROFFESSEUR5, Leila  - PROFESSOR",
        "action_flag": 1,
        "change_message": "Ajout."
    }
},
{
    "model": "admin.logentry",
    "pk": 57,
    "fields": {
        "action_time": "2016-05-03T13:25:53.537Z",
        "user": 1,
        "content_type": 14,
        "object_id": "24",
        "object_repr": "PROFFESSEUR5, Leila  - PROFESSOR",
        "action_flag": 1,
        "change_message": "Ajout."
    }
},
{
    "model": "admin.logentry",
    "pk": 58,
    "fields": {
        "action_time": "2016-05-03T13:26:18.167Z",
        "user": 1,
        "content_type": 14,
        "object_id": "25",
        "object_repr": "PROFFESSEUR5, Leila  - PROFESSOR",
        "action_flag": 1,
        "change_message": "Ajout."
    }
},
{
    "model": "admin.logentry",
    "pk": 59,
    "fields": {
        "action_time": "2016-05-03T13:27:56.095Z",
        "user": 1,
        "content_type": 33,
        "object_id": "1",
        "object_repr": "2015-2016 - LULBG2454 - Spectroscopie atmosph\u00e9rique et t\u00e9l\u00e9d\u00e9tection spatiale (ULB) - 1",
        "action_flag": 1,
        "change_message": "Ajout."
    }
},
{
    "model": "admin.logentry",
    "pk": 60,
    "fields": {
        "action_time": "2016-05-03T13:29:24.776Z",
        "user": 1,
        "content_type": 35,
        "object_id": "1",
        "object_repr": "ETUDIANT15, Hiroyuchi  (1)",
        "action_flag": 1,
        "change_message": "Ajout."
    }
},
{
    "model": "admin.logentry",
    "pk": 61,
    "fields": {
        "action_time": "2016-05-03T13:29:38.692Z",
        "user": 1,
        "content_type": 25,
        "object_id": "1",
        "object_repr": "ETUDIANT15, Hiroyuchi  (1) - 2015-2016 - OSIS1BA",
        "action_flag": 1,
        "change_message": "Ajout."
    }
},
{
    "model": "admin.logentry",
    "pk": 62,
    "fields": {
        "action_time": "2016-05-03T13:29:57.833Z",
        "user": 1,
        "content_type": 35,
        "object_id": "2",
        "object_repr": "ETUDIANT14, Khadija  (2)",
        "action_flag": 1,
        "change_message": "Ajout."
    }
},
{
    "model": "admin.logentry",
    "pk": 63,
    "fields": {
        "action_time": "2016-05-03T13:30:02.286Z",
        "user": 1,
        "content_type": 25,
        "object_id": "2",
        "object_repr": "ETUDIANT14, Khadija  (2) - 2015-2016 - OSIS1BA",
        "action_flag": 1,
        "change_message": "Ajout."
    }
},
{
    "model": "admin.logentry",
    "pk": 64,
    "fields": {
        "action_time": "2016-05-03T13:47:49.584Z",
        "user": 1,
        "content_type": 21,
        "object_id": "1",
        "object_repr": "2015-2016 - LDUAL4355 - Elektrische actuatoren: gevorderde aspecten en toepassingen m.i.v. transport (Katholieke Universiteit te Leuven)\r - ETUDIANT1, Hafsa  (1)",
        "action_flag": 1,
        "change_message": "Ajout."
    }
},
{
    "model": "admin.logentry",
    "pk": 65,
    "fields": {
        "action_time": "2016-05-03T14:24:05.221Z",
        "user": 1,
        "content_type": 33,
        "object_id": "1",
        "object_repr": "2015-2016 - LULBG2454 - Spectroscopie atmosph\u00e9rique et t\u00e9l\u00e9d\u00e9tection spatiale (ULB) - 1",
        "action_flag": 3,
        "change_message": ""
    }
},
{
    "model": "admin.logentry",
    "pk": 66,
    "fields": {
        "action_time": "2016-05-03T14:25:31.175Z",
        "user": 1,
        "content_type": 33,
        "object_id": "2",
        "object_repr": "2015-2016 - LULBG2454 - Spectroscopie atmosph\u00e9rique et t\u00e9l\u00e9d\u00e9tection spatiale (ULB) - 1",
        "action_flag": 1,
        "change_message": "Ajout."
    }
},
{
    "model": "admin.logentry",
    "pk": 67,
    "fields": {
        "action_time": "2016-05-03T14:26:10.120Z",
        "user": 1,
        "content_type": 33,
        "object_id": "3",
        "object_repr": "2015-2016 - LULBG2454 - Spectroscopie atmosph\u00e9rique et t\u00e9l\u00e9d\u00e9tection spatiale (ULB) - 2",
        "action_flag": 1,
        "change_message": "Ajout."
    }
},
{
    "model": "admin.logentry",
    "pk": 68,
    "fields": {
        "action_time": "2016-05-03T14:26:30.531Z",
        "user": 1,
        "content_type": 33,
        "object_id": "4",
        "object_repr": "2015-2016 - LULBG2454 - Spectroscopie atmosph\u00e9rique et t\u00e9l\u00e9d\u00e9tection spatiale (ULB) - 3",
        "action_flag": 1,
        "change_message": "Ajout."
    }
},
{
    "model": "admin.logentry",
    "pk": 69,
    "fields": {
        "action_time": "2016-05-03T14:45:44.461Z",
        "user": 1,
        "content_type": 18,
        "object_id": "1",
        "object_repr": "2015-2016 - LDUAL4355 - Elektrische actuatoren: gevorderde aspecten en toepassingen m.i.v. transport (Katholieke Universiteit te Leuven)\r - 1 - 2015-2016 - LDUAL4355 - Elektrische actuatoren: gevorder",
        "action_flag": 1,
        "change_message": "Ajout."
    }
},
{
    "model": "admin.logentry",
    "pk": 70,
    "fields": {
        "action_time": "2016-05-03T14:50:22.430Z",
        "user": 1,
        "content_type": 18,
        "object_id": "2",
        "object_repr": "2015-2016 - LDUAL4355 - Elektrische actuatoren: gevorderde aspecten en toepassingen m.i.v. transport (Katholieke Universiteit te Leuven)\r - 1 - 2015-2016 - LDUAL4355 - Elektrische actuatoren: gevorder",
        "action_flag": 1,
        "change_message": "Ajout."
    }
},
{
    "model": "admin.logentry",
    "pk": 71,
    "fields": {
        "action_time": "2016-05-03T14:50:51.728Z",
        "user": 1,
        "content_type": 18,
        "object_id": "1",
        "object_repr": "2015-2016 - LDUAL4355 - Elektrische actuatoren: gevorderde aspecten en toepassingen m.i.v. transport (Katholieke Universiteit te Leuven)\r - 2 - 2015-2016 - LDUAL4355 - Elektrische actuatoren: gevorder",
        "action_flag": 2,
        "change_message": "Modification de session_exam, justification_draft et justification_final."
    }
},
{
    "model": "admin.logentry",
    "pk": 72,
    "fields": {
        "action_time": "2016-05-03T14:51:23.991Z",
        "user": 1,
        "content_type": 18,
        "object_id": "3",
        "object_repr": "2015-2016 - LDUAL4355 - Elektrische actuatoren: gevorderde aspecten en toepassingen m.i.v. transport (Katholieke Universiteit te Leuven)\r - 3 - 2015-2016 - LDUAL4355 - Elektrische actuatoren: gevorder",
        "action_flag": 1,
        "change_message": "Ajout."
    }
},
{
    "model": "admin.logentry",
    "pk": 73,
    "fields": {
        "action_time": "2016-05-03T14:52:33.441Z",
        "user": 1,
        "content_type": 18,
        "object_id": "4",
        "object_repr": "2015-2016 - XUPMA1104 - Estudios de mercado y gesti\u00f3n de calidad en la industria alimentaria - 1 - 2015-2016 - XUPMA1104 - Estudios de mercado y gesti\u00f3n de calidad en la industria alimentaria - ETUDIA",
        "action_flag": 1,
        "change_message": "Ajout."
    }
},
{
    "model": "admin.logentry",
    "pk": 74,
    "fields": {
        "action_time": "2016-05-03T17:48:41.062Z",
        "user": 1,
        "content_type": 4,
        "object_id": "7",
        "object_repr": "prof2",
        "action_flag": 1,
        "change_message": "Ajout."
    }
},
{
    "model": "admin.logentry",
    "pk": 75,
    "fields": {
        "action_time": "2016-05-03T17:49:02.159Z",
        "user": 1,
        "content_type": 4,
        "object_id": "7",
        "object_repr": "prof2",
        "action_flag": 2,
        "change_message": "Aucun champ modifi\u00e9."
    }
},
{
    "model": "admin.logentry",
    "pk": 76,
    "fields": {
        "action_time": "2016-05-03T17:49:14.393Z",
        "user": 1,
        "content_type": 4,
        "object_id": "8",
        "object_repr": "prof3",
        "action_flag": 1,
        "change_message": "Ajout."
    }
},
{
    "model": "admin.logentry",
    "pk": 77,
    "fields": {
        "action_time": "2016-05-03T17:49:23.029Z",
        "user": 1,
        "content_type": 4,
        "object_id": "9",
        "object_repr": "prof4",
        "action_flag": 1,
        "change_message": "Ajout."
    }
},
{
    "model": "admin.logentry",
    "pk": 78,
    "fields": {
        "action_time": "2016-05-03T17:49:33.197Z",
        "user": 1,
        "content_type": 4,
        "object_id": "10",
        "object_repr": "prof5",
        "action_flag": 1,
        "change_message": "Ajout."
    }
},
{
    "model": "admin.logentry",
    "pk": 79,
    "fields": {
        "action_time": "2016-05-03T17:49:49.038Z",
        "user": 1,
        "content_type": 4,
        "object_id": "11",
        "object_repr": "coord2",
        "action_flag": 1,
        "change_message": "Ajout."
    }
},
{
    "model": "admin.logentry",
    "pk": 80,
    "fields": {
        "action_time": "2016-05-03T17:49:58.604Z",
        "user": 1,
        "content_type": 4,
        "object_id": "12",
        "object_repr": "coord3",
        "action_flag": 1,
        "change_message": "Ajout."
    }
},
{
    "model": "admin.logentry",
    "pk": 81,
    "fields": {
        "action_time": "2016-05-03T17:50:10.319Z",
        "user": 1,
        "content_type": 4,
        "object_id": "13",
        "object_repr": "coord4",
        "action_flag": 1,
        "change_message": "Ajout."
    }
},
{
    "model": "admin.logentry",
    "pk": 82,
    "fields": {
        "action_time": "2016-05-03T17:50:33.360Z",
        "user": 1,
        "content_type": 4,
        "object_id": "7",
        "object_repr": "prof2",
        "action_flag": 3,
        "change_message": ""
    }
},
{
    "model": "admin.logentry",
    "pk": 83,
    "fields": {
        "action_time": "2016-05-03T17:51:08.979Z",
        "user": 1,
        "content_type": 4,
        "object_id": "2",
        "object_repr": "proff1",
        "action_flag": 2,
        "change_message": "Modification de username."
    }
},
{
    "model": "admin.logentry",
    "pk": 84,
    "fields": {
        "action_time": "2016-05-03T17:51:16.702Z",
        "user": 1,
        "content_type": 4,
        "object_id": "2",
        "object_repr": "proff1",
        "action_flag": 2,
        "change_message": "Modification de password."
    }
},
{
    "model": "admin.logentry",
    "pk": 85,
    "fields": {
        "action_time": "2016-05-03T17:51:24.587Z",
        "user": 1,
        "content_type": 4,
        "object_id": "2",
        "object_repr": "proff1",
        "action_flag": 2,
        "change_message": "Aucun champ modifi\u00e9."
    }
},
{
    "model": "admin.logentry",
    "pk": 86,
    "fields": {
        "action_time": "2016-05-03T17:51:41.111Z",
        "user": 1,
        "content_type": 4,
        "object_id": "4",
        "object_repr": "coordinateur_1",
        "action_flag": 2,
        "change_message": "Modification de password."
    }
},
{
    "model": "admin.logentry",
    "pk": 87,
    "fields": {
        "action_time": "2016-05-03T17:51:54.077Z",
        "user": 1,
        "content_type": 4,
        "object_id": "4",
        "object_repr": "coord1",
        "action_flag": 2,
        "change_message": "Modification de username."
    }
},
{
    "model": "admin.logentry",
    "pk": 88,
    "fields": {
        "action_time": "2016-05-03T17:52:09.195Z",
        "user": 1,
        "content_type": 4,
        "object_id": "6",
        "object_repr": "etu1",
        "action_flag": 2,
        "change_message": "Modification de username."
    }
},
{
    "model": "admin.logentry",
    "pk": 89,
    "fields": {
        "action_time": "2016-05-03T17:52:16.381Z",
        "user": 1,
        "content_type": 4,
        "object_id": "6",
        "object_repr": "etu1",
        "action_flag": 2,
        "change_message": "Modification de password."
    }
},
{
    "model": "admin.logentry",
    "pk": 90,
    "fields": {
        "action_time": "2016-05-03T17:52:20.510Z",
        "user": 1,
        "content_type": 4,
        "object_id": "6",
        "object_repr": "etu1",
        "action_flag": 2,
        "change_message": "Aucun champ modifi\u00e9."
    }
},
{
    "model": "admin.logentry",
    "pk": 91,
    "fields": {
        "action_time": "2016-05-03T17:52:36.291Z",
        "user": 1,
        "content_type": 4,
        "object_id": "5",
        "object_repr": "pgm_manager_1",
        "action_flag": 2,
        "change_message": "Modification de password."
    }
},
{
    "model": "admin.logentry",
    "pk": 92,
    "fields": {
        "action_time": "2016-05-03T17:52:40.703Z",
        "user": 1,
        "content_type": 4,
        "object_id": "5",
        "object_repr": "pgm1",
        "action_flag": 2,
        "change_message": "Modification de username."
    }
},
{
    "model": "admin.logentry",
    "pk": 93,
    "fields": {
        "action_time": "2016-05-03T17:52:53.958Z",
        "user": 1,
        "content_type": 4,
        "object_id": "3",
        "object_repr": "proffesseur_2",
        "action_flag": 2,
        "change_message": "Modification de password."
    }
},
{
    "model": "admin.logentry",
    "pk": 94,
    "fields": {
        "action_time": "2016-05-03T17:53:00.639Z",
        "user": 1,
        "content_type": 4,
        "object_id": "3",
        "object_repr": "proff2",
        "action_flag": 2,
        "change_message": "Modification de username."
    }
},
{
    "model": "admin.logentry",
    "pk": 95,
    "fields": {
        "action_time": "2016-05-03T17:53:56.926Z",
        "user": 1,
        "content_type": 4,
        "object_id": "14",
        "object_repr": "pgm2",
        "action_flag": 1,
        "change_message": "Ajout."
    }
},
{
    "model": "admin.logentry",
    "pk": 96,
    "fields": {
        "action_time": "2016-05-03T17:54:03.828Z",
        "user": 1,
        "content_type": 4,
        "object_id": "15",
        "object_repr": "pgm3",
        "action_flag": 1,
        "change_message": "Ajout."
    }
},
{
    "model": "admin.logentry",
    "pk": 97,
    "fields": {
        "action_time": "2016-05-03T17:54:12.489Z",
        "user": 1,
        "content_type": 4,
        "object_id": "16",
        "object_repr": "pgm4",
        "action_flag": 1,
        "change_message": "Ajout."
    }
},
{
    "model": "admin.logentry",
    "pk": 98,
    "fields": {
        "action_time": "2016-05-03T17:54:23.356Z",
        "user": 1,
        "content_type": 4,
        "object_id": "17",
        "object_repr": "pgm5",
        "action_flag": 1,
        "change_message": "Ajout."
    }
},
{
    "model": "admin.logentry",
    "pk": 99,
    "fields": {
        "action_time": "2016-05-03T17:54:52.299Z",
        "user": 1,
        "content_type": 17,
        "object_id": "18",
        "object_repr": "PGMMANAGER5, Martin ",
        "action_flag": 2,
        "change_message": "Modification de user."
    }
},
{
    "model": "admin.logentry",
    "pk": 100,
    "fields": {
        "action_time": "2016-05-03T17:54:58.398Z",
        "user": 1,
        "content_type": 17,
        "object_id": "17",
        "object_repr": "PGMMANAGER4, Fleur ",
        "action_flag": 2,
        "change_message": "Modification de user."
    }
},
{
    "model": "admin.logentry",
    "pk": 101,
    "fields": {
        "action_time": "2016-05-03T17:55:06.347Z",
        "user": 1,
        "content_type": 17,
        "object_id": "16",
        "object_repr": "PGMMANAGER3, Julie ",
        "action_flag": 2,
        "change_message": "Modification de user."
    }
},
{
    "model": "admin.logentry",
    "pk": 102,
    "fields": {
        "action_time": "2016-05-03T17:55:14.173Z",
        "user": 1,
        "content_type": 17,
        "object_id": "15",
        "object_repr": "PGMMANAGER2, Fran\u00e7ois ",
        "action_flag": 2,
        "change_message": "Modification de user."
    }
},
{
    "model": "admin.logentry",
    "pk": 103,
    "fields": {
        "action_time": "2016-05-03T17:56:27.866Z",
        "user": 1,
        "content_type": 4,
        "object_id": "18",
        "object_repr": "coord5",
        "action_flag": 1,
        "change_message": "Ajout."
    }
},
{
    "model": "admin.logentry",
    "pk": 104,
    "fields": {
        "action_time": "2016-05-03T17:56:32.282Z",
        "user": 1,
        "content_type": 4,
        "object_id": "18",
        "object_repr": "coord5",
        "action_flag": 2,
        "change_message": "Aucun champ modifi\u00e9."
    }
},
{
    "model": "admin.logentry",
    "pk": 105,
    "fields": {
        "action_time": "2016-05-03T17:56:45.210Z",
        "user": 1,
        "content_type": 4,
        "object_id": "2",
        "object_repr": "proff1",
        "action_flag": 2,
        "change_message": "Modification de password."
    }
},
{
    "model": "admin.logentry",
    "pk": 106,
    "fields": {
        "action_time": "2016-05-03T17:56:49.459Z",
        "user": 1,
        "content_type": 4,
        "object_id": "2",
        "object_repr": "prof1",
        "action_flag": 2,
        "change_message": "Modification de username."
    }
},
{
    "model": "admin.logentry",
    "pk": 107,
    "fields": {
        "action_time": "2016-05-03T17:57:01.979Z",
        "user": 1,
        "content_type": 4,
        "object_id": "3",
        "object_repr": "proff2",
        "action_flag": 2,
        "change_message": "Modification de password."
    }
},
{
    "model": "admin.logentry",
    "pk": 108,
    "fields": {
        "action_time": "2016-05-03T17:57:07.497Z",
        "user": 1,
        "content_type": 4,
        "object_id": "3",
        "object_repr": "prof2",
        "action_flag": 2,
        "change_message": "Modification de username."
    }
},
{
    "model": "admin.logentry",
    "pk": 109,
    "fields": {
        "action_time": "2016-05-03T17:57:34.382Z",
        "user": 1,
        "content_type": 17,
        "object_id": "14",
        "object_repr": "COORDINATEUR5, N\u00e9lia ",
        "action_flag": 2,
        "change_message": "Modification de user."
    }
},
{
    "model": "admin.logentry",
    "pk": 110,
    "fields": {
        "action_time": "2016-05-03T17:57:41.314Z",
        "user": 1,
        "content_type": 17,
        "object_id": "13",
        "object_repr": "COORDINATEUR4, Masha ",
        "action_flag": 2,
        "change_message": "Modification de user."
    }
},
{
    "model": "admin.logentry",
    "pk": 111,
    "fields": {
        "action_time": "2016-05-03T17:57:47.557Z",
        "user": 1,
        "content_type": 17,
        "object_id": "12",
        "object_repr": "COORDINATEUR3, B\u00e9rang\u00e8re ",
        "action_flag": 2,
        "change_message": "Modification de user."
    }
},
{
    "model": "admin.logentry",
    "pk": 112,
    "fields": {
        "action_time": "2016-05-03T17:57:54.411Z",
        "user": 1,
        "content_type": 17,
        "object_id": "11",
        "object_repr": "COORDINATEUR2, Fabienne ",
        "action_flag": 2,
        "change_message": "Modification de user."
    }
},
{
    "model": "admin.logentry",
    "pk": 113,
    "fields": {
        "action_time": "2016-05-03T17:58:43.241Z",
        "user": 1,
        "content_type": 17,
        "object_id": "9",
        "object_repr": "PROFFESSEUR5, Leila ",
        "action_flag": 2,
        "change_message": "Modification de user."
    }
},
{
    "model": "admin.logentry",
    "pk": 114,
    "fields": {
        "action_time": "2016-05-03T17:58:50.560Z",
        "user": 1,
        "content_type": 17,
        "object_id": "8",
        "object_repr": "PROFFESSEUR4, Cybeline ",
        "action_flag": 2,
        "change_message": "Modification de user."
    }
},
{
    "model": "admin.logentry",
    "pk": 115,
    "fields": {
        "action_time": "2016-05-03T17:59:02.407Z",
        "user": 1,
        "content_type": 17,
        "object_id": "7",
        "object_repr": "PROFFESSEUR3, Cecilia ",
        "action_flag": 2,
        "change_message": "Modification de user."
    }
},
{
    "model": "admin.logentry",
    "pk": 116,
    "fields": {
        "action_time": "2016-05-03T18:32:54.299Z",
        "user": 1,
        "content_type": 29,
        "object_id": "6",
        "object_repr": "2015-2016 Submission of exam scores - exam session 2 - 2015-2016 - OSIS1BA",
        "action_flag": 2,
        "change_message": "Modification de start_date et end_date."
    }
},
{
    "model": "admin.logentry",
    "pk": 117,
    "fields": {
        "action_time": "2016-05-03T18:33:22.527Z",
        "user": 1,
        "content_type": 29,
        "object_id": "20",
        "object_repr": "2015-2016 Submission of exam scores - exam session 2 - 2015-2016 - OSIS2M",
        "action_flag": 2,
        "change_message": "Modification de start_date et end_date."
    }
}
]
